0;33029;0;0;0;0;0;27508;0;0;0;0;0;67768;0;0;0;0;0;11466;0;0;0;0;0;32029;0;0;0;0;0;27144;0;0;0;0;0;73023;0;0;0;0;0;14238;0;0;0;0;0
1;33029;0;0;0;0;0;27508;0;0;0;0;0;67768;0;0;0;0;0;11466;0;0;0;0;0;32029;0;0;0;0;0;27144;0;0;0;0;0;73023;0;0;0;0;0;14238;0;0;0;0;0
2;33029;0;0;0;0;0;27508;0;0;0;0;0;67768;0;0;0;0;0;11466;0;0;0;0;0;32029;0;0;0;0;0;27144;0;0;0;0;0;73023;0;0;0;0;0;14238;0;0;0;0;0
3;33029;0;0;0;0;0;27508;0;0;0;0;0;67768;0;0;0;0;0;11466;0;0;0;0;0;32029;0;0;0;0;0;27144;0;0;0;0;0;73023;0;0;0;0;0;14238;0;0;0;0;0
4;33029;0;0;0;0;0;27508;0;0;0;0;0;67768;0;0;0;0;0;11466;0;0;0;0;0;32029;0;0;0;0;0;27144;0;0;0;0;0;73023;0;0;0;0;0;14238;0;0;0;0;0
5;33029;0;0;0;0;0;27508;0;0;0;0;0;67768;0;0;0;0;0;11466;0;0;0;0;0;32029;0;0;0;0;0;27144;0;0;0;0;0;73023;0;0;0;0;0;14238;0;0;0;0;0
6;33029;0;0;0;0;0;27508;0;0;0;0;0;67768;0;0;0;0;0;11466;0;0;0;0;0;32029;0;0;0;0;0;27144;0;0;0;0;0;73023;0;0;0;0;0;14238;0;0;0;0;0
7;33029;0;0;0;0;0;27508;0;0;0;0;0;67768;0;0;0;0;0;11466;0;0;0;0;0;32029;0;0;0;0;0;27144;0;0;0;0;0;73023;0;0;0;0;0;14238;0;0;0;0;0
8;33029;0;0;0;0;0;27508;0;0;0;0;0;67768;0;0;0;0;0;11466;0;0;0;0;0;32029;0;0;0;0;0;27144;0;0;0;0;0;73023;0;0;0;0;0;14238;0;0;0;0;0
9;33029;0;0;0;0;0;27508;0;0;0;0;0;67768;0;0;0;0;0;11466;0;0;0;0;0;32029;0;0;0;0;0;27144;0;0;0;0;0;73023;0;0;0;0;0;14238;0;0;0;0;0
10;33029;0;0;0;0;0;27508;0;0;0;0;0;67768;0;0;0;0;0;11466;0;0;0;0;0;32029;0;0;0;0;0;27144;0;0;0;0;0;73023;0;0;0;0;0;14238;0;0;0;0;0
11;33029;0;0;0;0;0;27508;0;0;0;0;0;67768;0;0;0;0;0;11466;0;0;0;0;0;32029;0;0;0;0;0;27144;0;0;0;0;0;73023;0;0;0;0;0;14238;0;0;0;0;0
12;33029;0;0;0;0;0;27508;0;0;0;0;0;67768;0;0;0;0;0;11466;0;0;0;0;0;32029;0;0;0;0;0;27144;0;0;0;0;0;73023;0;0;0;0;0;14238;0;0;0;0;0
13;33029;0;0;0;0;0;27508;0;0;0;0;0;67768;0;0;0;0;0;11466;0;0;0;0;0;32029;0;0;0;0;0;27144;0;0;0;0;0;73023;0;0;0;0;0;14238;0;0;0;0;0
14;33029;0;0;0;0;0;27508;0;0;0;0;0;67768;0;0;0;0;0;11466;0;0;0;0;0;32029;0;0;0;0;0;27144;0;0;0;0;0;73023;0;0;0;0;0;14238;0;0;0;0;0
15;33029;0;0;0;0;0;27508;0;0;0;0;0;67768;0;0;0;0;0;11466;0;0;0;0;0;32029;0;0;0;0;0;27144;0;0;0;0;0;73023;0;0;0;0;0;14238;0;0;0;0;0
16;33029;0;0;0;0;0;27508;0;0;0;0;0;67768;0;0;0;0;0;11466;0;0;0;0;0;32029;0;0;0;0;0;27144;0;0;0;0;0;73021;2;1;0;0;0;14238;0;0;0;0;0
17;33029;0;0;0;0;0;27508;0;0;0;0;0;67768;0;0;0;0;0;11466;0;0;0;0;0;32029;0;0;0;0;0;27144;0;0;0;0;0;73021;1;2;0;0;0;14238;0;0;0;0;0
18;33029;0;0;0;0;0;27508;0;0;0;0;0;67768;0;0;0;0;0;11466;0;0;0;0;0;32029;0;0;0;0;0;27144;0;0;0;0;0;73021;0;1;2;0;0;14238;0;0;0;0;0
19;33029;0;0;0;0;0;27508;0;0;0;0;0;67768;0;0;0;0;0;11466;0;0;0;0;0;32029;0;0;0;0;0;27144;0;0;0;0;0;73021;0;0;2;0;1;14238;0;0;0;0;0
20;33029;0;0;0;0;0;27508;0;0;0;0;0;67768;0;0;0;0;0;11466;0;0;0;0;0;32029;0;0;0;0;0;27144;0;0;0;0;0;73021;0;0;2;0;1;14238;0;0;0;0;0
21;33029;0;0;0;0;0;27508;0;0;0;0;0;67768;0;1;0;0;0;11466;0;0;0;0;0;32029;0;0;0;0;0;27144;0;0;0;0;0;73021;0;0;2;0;1;14238;0;0;0;0;0
22;33029;0;0;0;0;0;27508;0;0;0;0;0;67767;1;1;1;0;0;11466;0;0;0;0;0;32028;1;0;0;0;0;27144;0;0;0;0;0;73021;0;0;2;0;1;14238;0;0;0;0;0
23;33029;0;0;0;0;0;27508;0;0;1;0;0;67767;0;1;2;0;0;11466;0;0;0;0;0;32028;1;0;0;0;0;27144;0;0;0;0;0;73020;1;0;2;0;1;14238;0;0;0;0;0
24;33028;1;0;0;0;0;27508;0;0;1;0;0;67766;1;1;2;0;1;11466;0;0;0;0;0;32028;0;0;1;0;0;27144;0;0;0;0;0;73018;3;0;2;0;1;14238;0;0;0;0;0
25;33028;1;0;0;0;0;27508;0;0;1;0;0;67765;1;0;4;0;1;11466;0;0;0;0;0;32028;0;0;1;0;0;27143;1;0;0;0;0;73018;1;0;4;0;1;14238;0;0;0;0;0
26;33028;0;0;1;0;0;27507;1;0;2;0;0;67764;1;1;4;0;1;11466;0;0;0;0;0;32028;0;0;1;0;0;27143;1;0;0;0;0;73018;0;1;4;0;1;14238;0;0;0;0;0
27;33028;0;0;1;0;0;27507;1;0;2;0;0;67764;0;1;5;0;1;11466;0;0;0;0;0;32027;1;0;1;0;0;27143;0;2;0;0;0;73016;2;0;5;0;1;14238;0;0;0;0;0
28;33028;0;0;1;0;0;27507;0;0;3;0;0;67763;1;1;5;0;1;11466;0;0;0;0;0;32027;0;0;2;0;0;27143;0;2;0;0;0;73014;2;0;8;0;1;14237;1;0;0;0;0
29;33028;0;0;1;0;0;27507;0;0;3;0;0;67762;2;2;5;0;1;11466;0;0;0;0;0;32027;0;0;2;0;0;27143;0;2;0;0;0;73014;0;2;8;0;1;14237;1;0;0;0;0
30;33028;0;0;1;0;0;27507;0;0;3;0;0;67761;1;1;7;0;2;11466;0;0;0;0;0;32027;0;0;2;0;0;27143;0;1;0;0;1;73014;0;0;11;0;1;14237;0;1;0;0;0
31;33028;0;0;1;0;0;27507;0;0;3;0;0;67761;1;1;7;0;2;11466;0;0;0;0;0;32027;0;0;3;0;0;27143;0;0;0;0;2;73014;0;0;11;0;1;14237;0;0;1;0;0
32;33028;0;0;1;0;0;27507;0;0;3;0;0;67761;0;1;7;0;3;11466;0;0;1;0;0;32027;0;0;3;0;0;27143;0;0;0;0;2;73013;1;0;11;0;1;14237;0;0;1;0;0
33;33028;0;0;1;0;0;27507;0;0;3;0;0;67761;0;1;7;0;3;11466;0;0;1;0;0;32026;1;0;3;0;0;27143;0;0;0;0;2;73013;0;2;11;0;1;14237;0;0;1;0;0
34;33028;0;0;1;0;0;27506;1;0;3;0;0;67761;0;1;7;0;3;11466;0;0;1;0;0;32026;0;1;3;0;0;27143;0;0;0;0;2;73012;1;3;11;0;1;14236;1;0;1;0;0
35;33028;0;0;1;0;0;27506;1;0;3;0;0;67761;0;1;7;0;3;11466;0;0;1;0;0;32026;0;2;3;0;0;27143;0;0;0;0;2;73012;1;1;13;0;1;14235;2;0;1;0;0
36;33028;0;0;1;0;0;27506;0;1;3;0;0;67761;0;0;7;0;4;11466;0;0;1;0;0;32026;0;1;4;0;0;27143;0;0;0;0;2;73011;1;0;14;0;2;14235;1;1;2;0;0
37;33028;0;0;2;0;0;27505;1;0;4;0;0;67761;0;0;7;0;4;11466;0;0;1;0;0;32026;0;0;4;0;1;27142;1;0;0;0;2;73011;0;0;15;0;2;14235;0;0;4;0;0
38;33028;0;0;2;0;0;27505;1;0;4;0;0;67761;0;0;7;0;4;11466;0;0;1;0;0;32026;0;0;4;0;1;27142;0;0;2;0;2;73011;0;0;15;0;2;14234;1;0;4;0;0
39;33028;0;0;2;0;0;27505;0;1;4;0;0;67761;0;0;7;0;4;11466;0;0;1;0;0;32026;0;0;4;0;1;27142;0;0;2;0;2;73011;0;0;16;0;2;14234;0;0;5;0;0
40;33028;0;0;2;0;0;27505;0;1;4;0;0;67761;0;0;7;0;4;11466;0;0;1;0;0;32026;0;0;4;0;1;27142;0;1;2;0;2;73011;0;0;16;0;2;14234;0;0;5;0;0
41;33028;0;0;2;0;0;27505;0;0;5;0;0;67761;0;1;7;0;4;11466;0;0;1;0;0;32026;0;0;4;0;1;27141;1;0;3;0;2;73011;0;0;16;0;2;14234;0;0;5;0;0
42;33028;0;0;2;0;0;27505;0;0;5;0;0;67761;0;0;8;0;4;11466;0;0;1;0;0;32025;1;0;4;0;1;27141;0;0;4;0;2;73011;0;1;16;0;2;14234;0;0;5;0;0
43;33028;0;0;2;0;0;27505;0;0;5;0;0;67761;0;0;8;0;4;11466;0;0;1;0;0;32025;1;0;4;0;1;27141;0;0;4;0;2;73011;0;1;17;0;2;14234;0;0;5;0;0
44;33028;0;0;2;0;0;27505;0;0;5;0;0;67761;0;0;8;0;4;11466;0;0;1;0;0;32025;0;0;5;0;1;27141;0;0;4;0;2;73011;0;0;18;0;3;14234;0;0;5;0;0
45;33028;0;0;2;0;0;27505;0;0;5;0;0;67761;0;0;8;0;4;11466;0;0;1;0;0;32025;0;0;5;0;1;27141;0;1;4;0;2;73011;0;0;18;0;3;14233;1;0;5;0;0
46;33028;0;0;2;0;0;27505;0;0;5;0;0;67761;0;0;8;0;4;11466;0;0;1;0;0;32025;0;0;5;0;1;27141;0;1;4;0;2;73011;0;0;18;0;3;14233;1;1;5;0;0
47;33028;0;0;2;0;0;27504;1;0;5;0;0;67761;0;0;8;0;4;11466;0;0;1;0;0;32025;0;0;5;0;1;27140;1;1;4;0;2;73010;1;0;19;0;3;14233;0;1;6;0;0
48;33028;0;0;2;0;0;27504;1;0;5;0;0;67761;0;0;8;0;4;11465;1;0;1;0;0;32025;0;0;5;0;1;27140;0;1;4;0;3;73010;1;1;19;0;3;14233;0;1;6;0;0
49;33028;0;0;2;0;0;27502;2;1;5;0;0;67761;0;0;9;0;4;11465;0;0;2;0;0;32025;0;0;5;0;1;27140;0;1;4;0;3;73010;0;1;20;0;3;14233;0;0;6;0;1
50;33028;0;0;2;0;0;27502;1;2;5;0;0;67760;1;0;9;0;4;11465;0;0;2;0;0;32025;0;0;5;0;1;27140;0;1;4;0;3;73008;2;1;21;0;3;14233;0;0;6;0;1
51;33028;0;0;2;0;0;27502;0;2;6;0;0;67760;1;1;9;0;4;11465;0;0;2;0;0;32025;0;0;5;0;1;27140;0;1;4;0;3;73008;1;1;22;0;3;14233;0;0;6;0;1
52;33028;0;0;2;0;0;27502;0;2;6;0;0;67759;1;2;9;0;4;11465;0;0;2;0;0;32025;0;1;5;0;1;27140;0;0;4;0;4;73008;0;1;23;0;3;14233;0;0;6;0;1
53;33028;0;0;2;0;0;27502;0;2;6;0;1;67758;2;1;9;0;5;11465;0;0;2;0;0;32025;0;1;5;0;1;27140;0;0;4;0;4;73007;1;0;23;0;4;14233;0;0;6;0;1
54;33028;0;0;2;0;0;27502;0;1;7;0;1;67758;0;0;12;0;5;11465;0;0;2;0;0;32025;0;0;5;0;2;27140;0;0;4;0;4;73007;0;0;25;0;4;14232;1;0;6;0;1
55;33028;0;0;2;0;0;27502;0;0;7;0;2;67758;0;0;12;0;5;11465;0;0;2;0;0;32025;0;0;6;0;2;27140;0;0;4;0;4;73007;0;0;25;0;4;14232;0;0;7;0;1
56;33028;0;0;2;0;0;27502;0;0;7;0;2;67758;0;0;12;0;5;11465;0;0;2;0;0;32025;0;1;6;0;2;27140;0;0;4;0;4;73006;1;0;25;0;4;14232;0;0;7;0;1
57;33028;0;0;2;0;0;27502;0;0;8;0;2;67758;0;0;12;0;5;11465;0;0;2;0;0;32025;0;0;7;0;2;27140;0;0;4;0;4;73005;1;0;26;0;4;14232;0;0;7;0;1
58;33028;0;0;2;0;0;27502;0;0;9;0;2;67758;0;0;12;0;5;11465;0;0;2;0;0;32025;0;0;7;0;2;27140;0;0;4;0;4;73005;1;0;26;0;4;14232;0;0;7;0;1
59;33028;0;0;2;0;0;27501;1;1;9;0;2;67758;0;0;12;0;5;11463;2;0;2;0;0;32024;1;2;7;0;2;27139;1;1;5;0;4;73003;2;1;26;0;4;14231;1;0;7;0;1
60;33027;1;0;2;0;0;27501;1;0;11;0;2;67754;4;0;13;0;5;11463;0;0;4;0;0;32024;0;0;10;0;2;27139;0;0;7;0;4;73003;1;0;29;0;4;14231;1;0;8;0;1
61;33027;0;0;3;0;0;27500;1;0;12;0;2;67753;4;0;14;0;5;11463;0;0;4;0;0;32024;0;2;10;0;2;27139;0;1;7;0;4;73003;0;2;29;0;4;14231;0;1;8;0;1
62;33027;0;0;3;0;0;27499;1;0;13;0;2;67751;2;0;18;0;5;11463;0;0;4;0;0;32024;0;0;13;0;2;27138;1;0;9;0;4;73003;0;0;31;0;4;14231;0;0;9;0;1
63;33027;0;0;3;0;0;27499;0;1;13;0;2;67751;1;1;19;0;5;11463;0;0;4;0;0;32024;0;0;14;0;2;27138;1;0;9;0;4;73002;1;0;32;0;4;14230;1;0;9;0;1
64;33027;0;1;3;0;0;27499;0;0;14;0;2;67750;1;0;24;0;5;11462;1;0;4;0;0;32024;0;0;14;0;2;27138;0;0;10;0;4;73002;1;0;32;0;4;14230;1;0;9;0;1
65;33027;0;1;3;0;0;27499;0;1;14;0;2;67750;1;1;25;0;5;11462;0;1;4;0;0;32024;0;0;14;0;2;27137;1;0;10;0;4;73001;1;0;33;0;4;14230;0;1;9;0;1
66;33025;2;1;3;0;0;27499;0;1;14;0;2;67749;1;4;25;0;5;11462;0;1;4;0;0;32023;1;0;14;0;2;27136;1;2;11;0;4;73000;2;0;33;0;4;14230;0;1;9;0;1
67;33025;1;0;5;0;1;27498;1;0;14;0;3;67748;2;0;29;0;5;11462;0;0;6;0;0;32021;2;0;15;0;2;27136;0;0;14;0;4;72998;2;0;36;0;4;14230;0;0;11;0;1
68;33025;0;1;5;0;1;27498;0;1;14;0;3;67746;3;2;29;0;5;11462;0;0;7;0;0;32021;1;1;15;0;2;27136;0;1;14;0;4;72998;2;1;35;0;5;14230;0;0;11;0;1
69;33024;1;0;6;0;1;27497;1;1;16;0;3;67742;5;0;34;0;5;11462;0;0;7;0;0;32021;0;1;16;0;2;27134;2;0;15;0;4;72995;3;1;36;0;6;14230;0;0;11;0;1
70;33024;0;0;7;0;1;27497;0;2;18;0;3;67740;2;0;39;0;5;11462;0;0;7;0;0;32021;0;0;17;0;2;27133;2;1;16;0;4;72993;2;1;39;0;7;14230;0;0;11;0;1
71;33024;0;1;7;0;1;27497;0;2;18;0;3;67740;1;1;40;0;5;11462;0;0;7;0;0;32021;0;0;18;0;2;27131;3;2;16;0;4;72993;0;0;42;0;7;14230;0;0;11;0;1
72;33022;2;0;9;0;1;27496;1;0;19;0;4;67740;0;2;40;0;6;11462;0;0;7;0;0;32020;1;0;19;0;2;27130;3;1;18;0;5;72992;1;0;42;0;7;14230;0;0;11;0;1
73;33022;1;1;10;0;1;27495;1;1;18;0;5;67740;0;2;40;0;6;11462;0;0;7;0;0;32019;1;2;19;0;2;27130;0;3;19;0;5;72992;0;1;42;0;7;14230;0;0;12;0;1
74;33022;0;0;12;0;1;27494;1;0;21;0;5;67739;1;1;40;0;8;11462;0;0;7;0;0;32019;1;0;21;0;2;27130;0;0;21;0;6;72990;2;0;43;0;7;14230;0;0;13;0;1
75;33021;1;0;12;0;1;27494;1;0;22;0;5;67739;0;0;42;0;8;11462;0;0;7;0;0;32019;0;2;20;0;3;27129;1;0;21;0;6;72990;1;0;44;0;7;14230;0;0;13;0;1
76;33021;0;1;12;0;1;27494;0;2;21;0;6;67738;1;0;41;0;9;11462;0;0;7;0;0;32019;0;2;20;0;3;27129;0;2;21;0;6;72990;0;1;42;0;9;14230;0;0;13;0;1
77;33020;1;0;12;0;2;27494;0;0;23;0;6;67738;0;3;41;0;9;11461;1;0;7;0;0;32019;0;0;21;0;4;27129;0;2;21;0;6;72989;1;0;42;0;10;14230;0;0;13;0;1
78;33020;1;1;13;0;2;27494;0;0;23;0;6;67738;0;3;40;0;10;11461;0;0;8;0;0;32019;0;0;21;0;4;27127;2;1;21;0;7;72989;0;1;41;0;11;14230;0;0;13;0;1
79;33020;0;0;16;0;2;27494;0;0;22;0;7;67737;1;0;41;0;12;11461;0;0;8;0;0;32019;0;0;21;0;5;27127;2;0;21;0;8;72989;0;0;40;0;13;14230;0;0;13;0;1
80;33020;0;0;17;0;2;27494;0;0;22;0;7;67737;0;0;42;0;12;11461;0;0;8;0;0;32019;0;0;21;0;5;27127;0;0;23;0;8;72989;0;0;38;0;16;14230;0;0;13;0;1
81;33020;0;0;18;0;2;27494;0;0;22;0;7;67737;0;0;40;0;14;11461;0;0;8;0;0;32019;0;0;20;0;6;27127;0;0;23;0;8;72989;0;0;39;0;16;14229;1;0;12;0;2
82;33020;0;0;18;0;2;27494;0;0;22;0;7;67737;0;0;40;0;14;11461;0;0;7;0;1;32019;0;1;20;0;6;27127;0;0;23;0;8;72989;0;0;40;0;16;14229;1;0;12;0;2
83;33020;0;0;18;0;2;27494;0;0;22;0;7;67737;0;0;40;0;14;11461;0;0;7;0;1;32019;0;1;21;0;6;27127;0;1;23;0;8;72989;0;0;40;0;16;14229;0;1;12;0;2
84;33020;0;0;18;0;2;27493;1;0;22;0;7;67737;0;0;40;0;14;11461;0;0;7;0;1;32019;0;0;21;0;7;27127;0;2;23;0;8;72989;0;2;38;0;18;14229;0;1;12;0;2
85;33020;0;1;18;0;2;27493;0;0;23;0;7;67737;0;0;40;0;14;11461;0;0;7;0;1;32019;0;0;20;0;8;27127;0;1;23;0;9;72989;0;1;40;0;18;14229;0;1;12;0;2
86;33018;2;0;19;0;2;27493;0;0;23;0;7;67737;0;0;40;0;14;11461;0;0;7;0;1;32019;0;0;20;0;8;27126;1;0;23;0;10;72989;0;0;42;0;19;14229;0;0;11;0;4
87;33018;1;0;19;0;3;27493;0;1;22;0;8;67737;0;1;40;0;14;11461;0;0;7;0;1;32019;0;0;20;0;8;27126;0;1;23;0;10;72989;0;0;41;0;20;14229;0;0;10;0;5
88;33018;0;1;19;0;3;27492;1;1;22;0;8;67736;1;1;40;0;14;11461;0;1;7;0;1;32019;0;1;20;0;8;27126;0;1;22;0;11;72989;0;0;40;0;21;14228;1;0;9;0;6
89;33017;1;0;20;0;3;27492;0;0;24;0;8;67735;1;0;41;0;15;11461;0;0;8;0;1;32017;2;0;21;0;8;27126;0;0;22;0;12;72988;1;0;40;0;22;14228;1;0;9;0;6
90;33017;0;0;21;0;3;27492;0;0;23;0;9;67735;1;1;41;0;15;11461;0;0;8;0;1;32017;1;0;22;0;8;27126;0;0;22;0;13;72988;1;0;40;0;22;14228;0;0;9;0;7
91;33016;1;1;21;0;3;27492;0;0;23;0;9;67735;0;4;40;0;16;11461;0;0;8;0;1;32017;0;0;23;0;8;27126;0;0;22;0;13;72988;0;1;40;0;22;14228;0;0;9;0;7
92;33015;2;1;21;0;3;27492;0;0;23;0;9;67734;1;2;41;0;17;11461;0;0;8;0;1;32017;0;0;23;0;8;27126;0;0;22;0;13;72988;0;0;42;0;22;14228;0;1;9;0;7
93;33015;0;0;24;0;3;27492;0;0;23;0;9;67734;1;0;43;0;18;11461;0;0;8;0;1;32017;0;0;23;0;8;27126;0;0;21;0;14;72987;1;1;41;0;23;14228;0;0;10;0;7
94;33015;0;0;25;0;3;27492;0;0;24;0;9;67734;0;1;43;0;18;11461;0;0;8;0;1;32017;0;0;23;0;8;27126;0;0;21;0;14;72987;0;0;42;0;24;14228;0;0;10;0;7
95;33015;0;1;25;0;3;27492;0;1;24;0;9;67734;0;0;44;0;18;11461;0;0;8;0;1;32016;1;0;22;0;9;27126;0;0;21;0;14;72987;0;0;42;0;24;14228;0;0;10;0;7
96;33015;0;0;27;0;3;27492;0;1;24;0;9;67734;0;0;44;0;18;11461;0;0;8;0;1;32016;0;0;23;0;9;27126;0;0;21;0;14;72986;1;0;42;0;24;14228;0;0;10;0;7
97;33015;0;0;27;0;3;27492;0;1;24;0;9;67734;0;0;44;0;18;11461;0;0;8;0;1;32016;0;0;23;0;9;27126;0;0;21;0;14;72986;0;2;41;0;25;14228;0;0;10;0;7
98;33015;0;0;28;0;3;27492;0;0;24;0;10;67734;0;0;45;0;18;11461;0;0;8;0;1;32016;0;0;23;0;9;27126;0;0;21;0;14;72985;1;1;41;0;26;14228;0;0;9;0;8
99;33015;0;0;28;0;3;27492;0;0;24;0;10;67734;0;0;44;0;19;11461;0;0;8;0;1;32016;0;1;23;0;9;27126;0;1;21;0;14;72985;0;1;41;0;27;14228;0;0;9;0;8
100;33015;0;0;28;0;3;27492;0;0;24;0;10;67734;0;0;44;0;19;11461;0;0;7;0;2;32016;0;0;24;0;9;27126;0;0;22;0;14;72985;0;0;43;0;28;14228;0;0;9;0;8
101;33015;0;0;28;0;3;27492;0;0;23;0;11;67734;0;0;44;0;19;11461;0;0;7;0;2;32016;0;0;24;0;9;27126;0;1;22;0;14;72984;1;1;43;0;28;14228;0;0;9;0;8
102;33015;0;0;28;0;3;27492;0;0;22;0;12;67734;0;1;44;0;19;11461;0;0;7;0;2;32016;0;0;24;0;9;27126;0;1;22;0;14;72984;0;1;43;0;29;14228;0;0;9;0;8
103;33015;0;0;28;0;3;27492;0;0;23;0;12;67734;0;0;44;0;20;11461;0;0;7;0;2;32016;0;0;24;0;9;27126;0;0;22;0;15;72983;1;1;42;0;30;14228;0;0;9;0;8
104;33015;0;0;28;0;3;27492;0;0;23;0;12;67734;0;0;44;0;20;11461;0;0;7;0;2;32016;0;0;24;0;9;27126;0;1;22;0;15;72983;1;0;41;0;32;14228;0;0;9;0;8
105;33015;0;2;28;0;3;27492;0;0;23;0;12;67734;0;0;42;0;22;11461;0;0;7;0;2;32016;0;0;23;0;10;27126;0;0;23;0;15;72983;0;0;41;0;33;14228;0;0;9;0;8
106;33015;0;3;28;0;3;27492;0;0;23;0;12;67734;0;0;42;0;22;11461;0;0;7;0;2;32016;0;1;22;0;11;27126;0;0;23;0;15;72983;0;0;41;0;33;14228;0;0;8;0;9
107;33015;0;1;28;0;5;27492;0;0;22;0;13;67734;0;1;42;0;22;11461;0;0;7;0;2;32016;0;1;22;0;11;27126;0;0;23;0;15;72983;0;2;41;0;33;14228;0;0;8;0;9
108;33015;0;0;28;0;6;27492;0;1;21;0;14;67734;0;0;43;0;22;11461;0;0;7;0;2;32016;0;0;24;0;11;27126;0;0;23;0;15;72983;0;1;41;0;34;14228;0;0;8;0;9
109;33015;0;0;29;0;6;27492;0;0;22;0;15;67734;0;0;43;0;22;11461;0;0;7;0;2;32016;0;0;22;0;13;27126;0;0;21;0;17;72983;0;0;42;0;34;14228;0;0;8;0;9
110;33015;0;1;29;0;6;27492;0;0;21;0;16;67734;0;0;42;0;23;11461;0;0;7;0;2;32016;0;0;22;0;13;27126;0;0;21;0;17;72983;0;0;40;0;36;14228;0;0;7;0;10
111;33015;0;1;29;0;6;27492;0;0;21;0;16;67733;1;0;43;0;23;11461;0;0;5;0;4;32016;0;0;19;0;16;27126;0;0;19;0;19;72983;0;0;39;0;38;14228;0;0;7;0;10
112;33015;0;1;28;0;8;27492;0;0;21;0;17;67733;1;0;42;0;24;11461;0;0;5;0;4;32016;0;0;18;0;17;27126;0;0;18;0;20;72983;0;0;38;0;39;14228;0;0;6;0;11
113;33015;0;1;28;0;8;27492;0;0;20;0;18;67733;0;2;37;0;29;11461;0;0;5;0;4;32016;0;0;17;0;18;27126;0;0;18;0;20;72983;0;1;37;0;40;14228;0;0;6;0;11
114;33015;0;0;29;0;9;27492;0;0;19;0;19;67733;0;1;34;0;33;11461;0;0;5;0;4;32016;0;0;17;0;18;27126;0;1;18;0;20;72981;2;0;38;0;40;14228;0;0;6;0;11
115;33015;0;0;29;0;9;27492;0;0;19;0;19;67733;0;2;32;0;36;11461;0;0;5;0;4;32016;0;0;17;0;18;27126;0;0;18;0;21;72980;2;0;39;0;40;14228;0;0;6;0;11
116;33014;1;0;29;0;9;27492;0;0;19;0;19;67733;0;0;31;0;39;11461;0;0;4;0;5;32016;0;0;18;0;18;27126;0;0;16;0;23;72980;0;0;40;0;41;14228;0;0;5;0;12
117;33014;0;0;29;0;10;27492;0;0;19;0;19;67733;0;0;30;0;40;11461;0;0;3;0;6;32016;0;0;18;0;18;27126;0;1;15;0;24;72980;0;0;39;0;42;14228;0;0;4;0;13
118;33014;0;0;28;0;11;27492;0;0;19;0;19;67733;0;0;29;0;41;11461;0;0;2;0;7;32016;0;0;17;0;19;27126;0;1;13;0;26;72980;0;1;37;0;44;14228;0;0;4;0;13
119;33014;0;0;27;0;12;27492;0;0;17;0;22;67733;0;0;27;0;43;11461;0;0;2;0;7;32016;0;1;16;0;20;27126;0;0;13;0;27;72980;0;0;38;0;44;14228;0;0;4;0;13
120;33014;0;0;27;0;12;27492;0;0;16;0;23;67733;0;0;25;0;45;11461;0;0;2;0;7;32016;0;0;16;0;21;27126;0;0;13;0;27;72980;0;0;37;0;47;14228;0;0;4;0;13
121;33014;0;0;25;0;14;27492;0;0;15;0;24;67733;0;0;19;0;51;11461;0;0;2;0;7;32016;0;0;16;0;22;27126;0;0;12;0;28;72980;0;0;34;0;50;14228;0;0;4;0;13
122;33014;0;0;24;0;15;27492;0;0;15;0;24;67733;0;0;17;0;53;11461;0;0;2;0;7;32016;0;0;15;0;23;27126;0;0;13;0;29;72980;0;0;32;0;52;14228;0;0;4;0;13
123;33014;0;0;23;0;16;27491;1;0;15;0;24;67733;0;0;16;0;54;11461;0;0;2;0;7;32016;0;0;15;0;24;27126;0;0;12;0;30;72980;0;0;32;0;52;14228;0;0;3;0;14
124;33014;0;0;22;0;17;27491;0;0;14;0;26;67733;0;0;15;0;55;11461;0;0;2;0;7;32016;0;0;14;0;25;27126;0;0;9;0;33;72980;0;0;32;0;53;14228;0;0;2;0;15
125;33014;0;0;21;0;18;27491;0;0;12;0;28;67733;0;0;15;0;55;11461;0;0;2;0;7;32016;0;0;14;0;25;27126;0;0;9;0;33;72980;0;0;33;0;53;14228;0;0;2;0;15
126;33014;0;0;21;0;18;27491;0;0;11;0;29;67733;0;1;14;0;56;11461;0;0;2;0;7;32016;0;0;13;0;26;27126;0;0;9;0;33;72980;0;0;32;0;54;14228;0;0;2;0;15
127;33014;0;0;21;0;19;27491;0;0;10;0;30;67733;0;0;15;0;56;11461;0;0;2;0;7;32016;0;0;13;0;26;27126;0;0;9;0;33;72980;0;0;31;0;55;14228;0;0;2;0;15
128;33014;0;0;20;0;21;27491;0;0;10;0;30;67733;0;0;14;0;57;11461;0;0;2;0;7;32016;0;0;13;0;26;27126;0;0;9;0;33;72980;0;0;31;0;55;14228;0;0;2;0;15
129;33014;0;0;19;0;22;27491;0;0;11;0;30;67733;0;0;14;0;57;11461;0;0;1;0;8;32016;0;0;12;0;27;27126;0;0;9;0;33;72980;0;0;30;0;56;14228;0;0;2;0;15
130;33014;0;0;17;0;24;27491;0;0;11;0;30;67733;0;0;14;0;57;11461;0;0;1;0;8;32016;0;0;12;0;27;27126;0;0;9;0;33;72980;0;0;30;0;57;14228;0;0;2;0;15
131;33014;0;0;16;0;25;27491;0;0;11;0;30;67733;0;0;13;0;58;11461;0;0;1;0;8;32016;0;0;12;0;27;27126;0;0;7;0;35;72980;0;0;29;0;58;14228;0;1;2;0;15
132;33014;0;0;16;0;25;27491;0;0;11;0;30;67733;0;0;13;0;58;11461;0;0;1;0;8;32016;0;0;12;0;27;27126;0;0;8;0;35;72980;0;0;28;0;59;14227;1;0;3;0;15
133;33014;0;0;16;0;25;27491;0;0;11;0;30;67733;0;0;13;0;58;11461;0;0;1;0;8;32016;0;0;12;0;28;27126;0;0;8;0;35;72980;0;0;28;0;59;14227;0;0;4;0;15
134;33014;0;0;16;0;25;27491;0;0;11;0;30;67733;0;0;13;0;58;11461;0;0;1;0;8;32016;0;1;12;0;28;27126;0;0;8;0;35;72980;0;0;27;0;60;14227;0;0;4;0;15
135;33014;0;1;15;0;26;27491;0;0;11;0;30;67733;0;0;13;0;58;11461;0;0;1;0;8;32016;0;1;12;0;28;27126;0;0;8;0;35;72980;0;0;26;0;61;14227;0;0;4;0;15
136;33014;0;0;16;0;26;27491;0;0;10;0;31;67733;0;1;13;0;58;11461;0;0;1;0;8;32016;0;0;12;0;29;27126;0;0;8;0;35;72980;0;0;24;0;63;14227;0;0;4;0;15
137;33014;0;0;17;0;26;27491;0;0;9;0;32;67733;0;0;14;0;58;11461;0;0;1;0;8;32016;0;0;12;0;29;27126;0;0;8;0;35;72980;0;0;24;0;63;14227;0;0;4;0;15
138;33014;0;0;16;0;27;27491;0;0;10;0;32;67733;0;0;14;0;58;11461;0;0;0;0;9;32016;0;0;11;0;30;27126;0;0;7;0;36;72980;0;0;24;0;63;14227;0;0;4;0;15
139;33013;1;0;16;0;28;27491;0;0;10;0;32;67733;0;0;14;0;58;11461;0;0;0;0;9;32016;0;0;11;0;30;27126;0;0;7;0;36;72980;0;0;23;0;64;14227;0;0;4;0;15
140;33013;0;0;17;0;28;27491;0;0;9;0;33;67733;0;0;13;0;59;11461;0;0;0;0;9;32016;0;0;11;0;30;27126;0;0;6;0;37;72980;0;1;23;0;64;14227;0;0;4;0;15
141;33013;0;0;15;0;30;27491;0;0;9;0;33;67733;0;0;12;0;60;11461;0;0;0;0;9;32016;0;1;10;0;31;27126;0;0;6;0;37;72980;0;0;24;0;64;14227;0;0;3;0;16
142;33013;0;0;15;0;30;27491;0;0;9;0;33;67733;0;1;11;0;61;11461;0;0;0;0;9;32016;0;0;10;0;32;27126;0;0;6;0;37;72980;0;0;22;0;66;14227;0;0;2;0;17
143;33013;0;0;15;0;30;27491;0;0;9;0;33;67733;0;0;12;0;62;11461;0;0;0;0;9;32016;0;0;10;0;32;27126;0;0;6;0;37;72980;0;0;21;0;67;14227;0;0;2;0;17
144;33013;0;0;13;0;33;27491;0;0;8;0;34;67733;0;0;12;0;62;11461;0;0;0;0;9;32016;0;0;10;0;32;27126;0;0;6;0;37;72980;0;0;21;0;67;14227;0;0;2;0;17
145;33013;0;0;12;0;34;27491;0;0;8;0;34;67733;0;0;11;0;63;11461;0;0;0;0;9;32016;0;0;10;0;32;27126;0;0;6;0;37;72980;0;1;20;0;68;14227;0;0;2;0;17
146;33013;0;0;11;0;35;27491;0;0;8;0;34;67733;0;0;12;0;63;11461;0;0;0;0;9;32016;0;0;10;0;32;27126;0;0;6;0;37;72980;0;1;20;0;68;14227;0;0;2;0;17
147;33013;0;0;11;0;35;27491;0;0;8;0;34;67733;0;0;12;0;63;11461;0;0;0;0;9;32016;0;0;10;0;33;27126;0;0;6;0;37;72980;0;0;20;0;69;14227;0;0;2;0;17
148;33013;0;0;10;0;36;27491;0;0;8;0;34;67733;0;1;11;0;64;11461;0;0;0;0;9;32016;0;0;10;0;33;27126;0;0;6;0;37;72980;0;0;19;0;70;14227;0;0;2;0;17
149;33013;0;1;10;0;36;27491;0;0;8;0;34;67733;0;0;12;0;64;11461;0;0;0;0;9;32016;0;0;9;0;34;27126;0;0;5;0;38;72980;0;0;19;0;70;14227;0;0;2;0;17
150;32233;0;0;11;780;36;26896;0;0;8;595;34;66178;0;0;12;1555;64;11461;0;0;0;0;9;31253;0;0;9;763;34;26456;0;0;5;670;38;71266;0;1;16;1714;73;14227;0;0;2;0;17
151;31503;0;0;11;1510;36;26197;0;1;8;1294;34;64621;0;0;12;3112;64;11461;0;0;0;0;9;30532;0;0;9;1484;34;25871;0;0;5;1255;38;69623;0;1;16;3357;73;14227;0;0;2;0;17
152;30758;0;0;11;2255;36;25620;0;0;9;1871;34;63065;0;1;11;4668;65;11461;0;0;0;0;9;29830;0;0;9;2186;34;25260;0;0;5;1866;38;68019;0;0;16;4961;74;14227;0;0;2;0;17
153;30048;0;0;11;2965;36;25039;0;0;8;2452;35;61610;0;0;12;6123;65;11461;0;0;0;0;9;29131;0;0;9;2885;34;24642;0;0;5;2484;38;66429;0;0;16;6551;75;14227;0;0;2;0;17
154;29350;0;0;11;3663;36;24432;0;0;8;3059;35;60239;0;0;12;7494;65;11461;0;0;0;0;9;28446;0;0;9;3570;34;24061;0;0;4;3065;39;64846;0;1;16;8134;75;14227;0;0;2;0;17
155;28660;0;1;11;4353;36;23888;0;0;8;3603;35;58805;0;0;12;8928;65;11461;0;0;0;0;9;27802;0;0;9;4214;34;23491;0;0;4;3635;39;63328;0;0;17;9652;75;14227;0;0;2;0;17
156;28006;0;1;11;5007;36;23332;0;0;8;4159;35;57452;0;0;12;10281;65;11461;0;0;0;0;9;27149;0;0;8;4867;35;22910;0;0;5;4216;39;61860;0;0;16;11120;76;14227;0;0;2;0;17
157;27370;0;1;11;5643;36;22769;0;0;8;4722;35;56106;0;0;11;11627;66;11461;0;0;0;0;9;26513;0;0;8;5503;35;22372;0;0;5;4754;39;60429;0;1;14;12551;78;14227;0;0;2;0;17
158;26707;0;0;11;6306;37;22245;0;0;7;5246;36;54797;0;0;11;12936;66;11461;0;0;0;0;9;25907;0;0;8;6109;36;21831;0;0;5;5295;39;59044;0;0;15;13936;78;14227;0;0;2;0;17
159;26110;0;0;10;6903;38;21763;0;0;6;5728;37;53499;0;0;11;14234;66;11461;0;0;0;0;9;25309;0;0;9;6707;36;21292;0;0;5;5834;39;57647;0;0;15;15333;78;14227;0;0;2;0;17
160;25492;0;0;10;7521;38;21268;0;0;6;6223;37;52237;0;1;11;15496;66;11461;0;0;0;0;9;24722;0;0;9;7294;36;20760;0;0;5;6366;39;56349;0;0;15;16631;78;14227;0;0;2;0;17
161;24885;0;0;10;8128;38;20769;0;0;6;6722;37;51031;0;1;10;16702;67;11461;0;0;0;0;9;24161;0;0;9;7855;36;20290;0;0;5;6836;39;55014;0;0;15;17966;79;14227;0;0;2;0;17
162;24338;0;0;10;8675;38;20281;0;0;5;7210;38;49853;0;1;10;17880;67;11461;0;0;0;0;9;23575;0;0;9;8441;36;19812;0;0;5;7314;39;53733;0;0;16;19247;79;14227;0;0;2;0;17
163;23790;0;0;10;9223;38;19793;0;0;5;7698;38;48706;0;0;10;19027;68;11461;0;0;0;0;9;23032;0;1;9;8984;36;19368;0;0;5;7758;39;52459;0;0;15;20521;80;14227;0;0;2;0;17
164;23227;0;0;9;9786;39;19337;0;0;5;8154;38;47581;0;1;9;20152;69;11461;0;0;0;0;9;22533;0;0;10;9483;36;18902;0;0;4;8224;40;51218;0;0;15;21762;80;14227;0;0;2;0;17
165;22684;0;0;9;10329;39;18903;0;0;5;8588;38;46484;0;0;8;21249;71;11461;0;0;0;0;9;22001;0;0;11;10015;36;18463;0;0;4;8663;40;50020;0;0;15;22960;80;14227;0;0;2;0;17
166;22137;0;0;9;10876;39;18466;0;0;5;9025;38;45396;0;0;8;22337;71;11461;0;0;0;0;9;21519;0;0;11;10497;37;18005;0;0;4;9121;40;48881;0;0;14;24099;81;14227;0;0;2;0;17
167;21603;0;0;9;11410;39;18032;0;0;5;9459;38;44277;0;0;8;23456;71;11461;0;0;0;0;9;21031;0;0;11;10985;37;17617;0;0;4;9509;40;47788;0;0;12;25192;83;14227;0;1;2;0;17
168;21107;0;0;8;11906;40;17601;0;0;5;9890;38;43250;0;0;8;24483;71;11461;0;0;0;0;9;20533;0;0;12;11483;37;17229;0;0;4;9897;40;46668;0;0;11;26312;84;14227;0;1;2;0;17
169;20583;0;0;9;12430;40;17197;0;0;4;10294;39;42236;0;0;8;25497;71;11461;0;0;0;0;9;20092;0;0;11;11924;38;16830;0;0;4;10296;40;45583;0;0;11;27397;84;14227;0;0;2;0;18
170;20109;0;0;9;12904;40;16795;0;0;4;10696;39;41234;0;0;8;26499;71;11461;0;0;0;0;9;19619;0;0;11;12397;38;16453;0;0;4;10673;40;44535;0;0;10;28445;86;14227;0;0;2;0;18
171;19629;0;0;9;13384;40;16419;0;0;4;11072;39;40239;0;0;8;27494;71;11461;0;0;0;0;9;19178;0;1;10;12838;39;16061;0;0;4;11065;40;43534;0;0;10;29446;86;14227;0;0;2;0;18
172;19175;0;0;10;13838;40;16037;0;0;4;11454;39;39353;0;0;8;28380;71;11461;0;0;0;0;9;18728;0;0;11;13288;39;15697;0;0;2;11429;42;42470;0;0;10;30510;86;14227;0;0;2;0;18
173;18750;0;0;11;14263;40;15658;0;0;4;11833;39;38393;0;0;8;29340;71;11461;0;0;0;0;9;18273;0;0;10;13743;40;15372;0;0;2;11754;42;41493;0;0;10;31487;86;14227;0;0;2;0;18
174;18315;0;0;11;14698;40;15288;0;0;4;12203;39;37511;0;0;8;30222;71;11461;0;0;0;0;9;17850;0;1;10;14166;40;15009;0;0;2;12117;42;40531;0;0;9;32449;87;14227;0;0;2;0;18
175;17881;0;0;11;15132;40;14947;0;0;3;12544;40;36646;0;0;8;31087;71;11461;0;0;0;0;9;17439;0;0;11;14577;40;14662;0;0;3;12464;42;39566;0;0;8;33414;88;14227;0;0;2;0;18
176;17456;0;0;11;15557;40;14615;0;0;3;12876;40;35767;0;0;7;31966;72;11461;0;1;0;0;9;17041;0;0;11;14975;40;14302;0;0;3;12824;42;38677;0;0;8;34303;88;14227;0;0;2;0;18
177;17056;0;1;10;15957;41;14293;0;0;3;13198;40;34898;0;0;7;32835;72;11461;0;0;1;0;9;16655;0;0;11;15361;40;13940;0;0;3;13186;42;37812;0;0;8;35168;88;14227;0;0;2;0;18
178;16679;0;1;9;16334;42;13976;0;0;3;13515;40;34114;0;0;7;33619;72;11461;0;0;1;0;9;16251;0;1;11;15765;40;13598;0;0;3;13528;42;36911;0;0;8;36069;88;14227;0;0;2;0;18
179;16290;0;1;9;16723;42;13659;0;0;2;13832;41;33315;0;0;7;34418;72;11461;0;0;1;0;9;15869;0;1;12;16147;40;13288;0;0;3;13838;42;36055;0;0;8;36925;88;14227;0;0;2;0;18
180;16290;0;0;9;16723;43;13659;0;0;2;13832;41;33315;0;1;7;34418;72;11461;0;0;1;0;9;15869;0;1;12;16147;40;13288;0;0;3;13838;42;36055;0;0;7;36925;89;14227;0;0;2;0;18
181;16290;0;0;10;16723;43;13659;0;0;2;13832;41;33315;0;0;8;34418;72;11461;0;0;1;0;9;15869;0;0;12;16147;41;13288;0;0;3;13838;42;36055;0;0;7;36925;89;14227;0;0;1;0;19
182;16290;0;0;10;16723;43;13659;0;0;2;13832;41;33315;0;0;8;34418;72;11461;0;0;1;0;9;15869;0;0;12;16147;41;13288;0;0;2;13838;43;36055;0;0;8;36925;89;14227;0;0;1;0;19
183;16290;0;0;11;16723;43;13659;0;0;2;13832;41;33315;0;0;8;34418;72;11461;0;0;1;0;9;15869;0;0;11;16147;42;13288;0;0;2;13838;43;36055;0;0;8;36925;89;14227;0;0;1;0;19
184;16290;0;0;11;16723;43;13659;0;0;2;13832;41;33315;0;0;8;34418;72;11461;0;0;1;0;9;15869;0;1;11;16147;42;13288;0;0;2;13838;43;36055;0;0;8;36925;89;14227;0;0;0;0;20
185;16290;0;0;11;16723;44;13659;0;0;2;13832;41;33315;0;0;8;34418;72;11461;0;0;1;0;9;15869;0;0;12;16147;42;13288;0;0;2;13838;43;36055;0;0;8;36925;89;14227;0;0;0;0;20
186;16290;0;1;11;16723;44;13659;0;0;2;13832;41;33315;0;0;7;34418;73;11461;0;0;1;0;9;15869;0;0;12;16147;42;13288;0;0;2;13838;43;36055;0;0;8;36925;89;14227;0;0;0;0;20
187;16290;0;1;10;16723;45;13659;0;0;2;13832;41;33315;0;0;7;34418;73;11461;0;0;1;0;9;15869;0;0;12;16147;42;13288;0;0;2;13838;43;36055;0;0;8;36925;89;14227;0;0;0;0;20
188;16290;0;0;10;16723;46;13659;0;0;1;13832;42;33315;0;0;7;34418;73;11461;0;0;1;0;9;15869;0;0;12;16147;42;13288;0;0;2;13838;43;36055;0;0;8;36925;89;14227;0;0;0;0;20
189;16290;0;0;9;16723;47;13659;0;0;1;13832;42;33315;0;0;7;34418;73;11461;0;0;1;0;9;15869;0;0;12;16147;42;13288;0;0;2;13838;43;36055;0;0;8;36925;89;14227;0;0;0;0;20
190;16290;0;0;9;16723;47;13659;0;0;1;13832;42;33315;0;0;7;34418;73;11461;0;0;1;0;9;15869;0;0;12;16147;42;13288;0;0;2;13838;43;36055;0;0;7;36925;90;14227;0;0;0;0;20
191;16290;0;0;8;16723;48;13659;0;0;1;13832;42;33315;0;0;7;34418;73;11461;0;0;1;0;9;15869;0;0;11;16147;43;13288;0;0;2;13838;43;36055;0;1;7;36925;90;14227;0;0;0;0;20
192;16290;0;0;8;16723;48;13659;0;0;1;13832;42;33315;0;0;6;34418;74;11461;0;0;1;0;9;15869;0;0;11;16147;43;13288;0;0;2;13838;43;36055;0;1;7;36925;90;14227;0;0;0;0;20
193;16290;0;0;8;16723;48;13659;0;0;1;13832;42;33315;0;0;5;34418;75;11461;0;1;1;0;9;15869;0;0;11;16147;43;13288;0;0;2;13838;43;36055;0;0;7;36925;91;14227;0;0;0;0;20
194;16290;0;0;7;16723;49;13659;0;0;1;13832;42;33315;0;0;6;34418;75;11461;0;1;1;0;9;15869;0;0;11;16147;43;13288;0;0;2;13838;43;36055;0;0;7;36925;91;14227;0;0;0;0;20
195;16290;0;0;7;16723;49;13659;0;0;1;13832;42;33315;0;0;6;34418;75;11461;0;1;1;0;9;15869;0;0;11;16147;43;13288;0;0;2;13838;43;36055;0;1;7;36925;91;14227;0;0;0;0;20
196;16290;0;1;7;16723;49;13659;0;0;1;13832;42;33315;0;0;5;34418;76;11461;0;0;1;0;10;15869;0;0;11;16147;43;13288;0;0;2;13838;43;36055;0;1;7;36925;91;14227;0;0;0;0;20
197;16290;0;1;7;16723;49;13659;0;0;1;13832;42;33315;0;0;5;34418;76;11461;0;0;1;0;10;15869;0;0;10;16147;44;13288;0;0;2;13838;43;36055;0;0;7;36925;92;14227;0;0;0;0;20
198;16290;0;1;7;16723;49;13659;0;0;1;13832;42;33315;0;0;4;34418;77;11461;0;0;1;0;10;15869;0;0;10;16147;44;13288;0;0;2;13838;43;36055;0;1;7;36925;92;14227;0;0;0;0;20
199;16290;0;0;6;16723;51;13659;0;0;1;13832;42;33315;0;0;4;34418;77;11461;0;0;1;0;10;15869;0;0;10;16147;44;13288;0;0;2;13838;43;36055;0;1;7;36925;92;14227;0;0;0;0;20
200;16290;0;0;6;16723;51;13659;0;0;1;13832;42;33315;0;1;4;34418;77;11461;0;0;1;0;10;15869;0;0;10;16147;44;13288;0;0;2;13838;43;36055;0;0;7;36925;93;14227;0;0;0;0;20
201;16290;0;0;7;16723;51;13659;0;0;0;13832;43;33315;0;0;5;34418;77;11461;0;0;1;0;10;15869;0;0;10;16147;44;13288;0;0;2;13838;43;36055;0;0;7;36925;93;14227;0;0;0;0;20
202;16290;0;0;7;16723;51;13659;0;0;0;13832;43;33315;0;0;4;34418;78;11461;0;0;1;0;10;15869;0;0;10;16147;44;13288;0;0;2;13838;43;36055;0;0;7;36925;93;14227;0;0;0;0;20
203;16290;0;0;7;16723;51;13659;0;0;0;13832;43;33315;0;1;4;34418;78;11461;0;0;1;0;10;15869;0;0;10;16147;44;13288;0;0;2;13838;43;36055;0;0;6;36925;94;14227;0;0;0;0;20
204;16290;0;0;7;16723;51;13659;0;1;0;13832;43;33315;0;1;4;34418;78;11461;0;0;1;0;10;15869;0;0;10;16147;44;13288;0;0;2;13838;43;36055;0;0;5;36925;95;14227;0;0;0;0;20
205;16290;0;0;7;16723;51;13659;0;1;0;13832;43;33315;0;1;4;34418;79;11461;0;0;1;0;10;15869;0;0;10;16147;44;13288;0;0;2;13838;43;36055;0;0;5;36925;95;14227;0;0;0;0;20
206;16290;0;0;7;16723;51;13659;0;0;0;13832;44;33315;0;2;4;34418;79;11461;0;0;1;0;10;15869;0;0;10;16147;44;13288;0;0;1;13838;44;36055;0;0;5;36925;95;14227;0;0;0;0;20
207;16290;0;0;7;16723;51;13659;0;0;0;13832;44;33315;0;0;5;34418;80;11461;0;0;1;0;10;15869;0;0;10;16147;44;13288;0;0;1;13838;44;36055;0;0;4;36925;96;14227;0;0;0;0;20
208;16290;0;0;7;16723;51;13659;0;0;0;13832;44;33315;0;0;5;34418;80;11461;0;0;1;0;10;15869;0;0;9;16147;45;13288;0;0;1;13838;44;36055;0;0;4;36925;96;14227;0;0;0;0;20
209;16290;0;0;7;16723;51;13659;0;0;0;13832;44;33315;0;0;5;34418;80;11461;0;0;1;0;10;15869;0;0;8;16147;46;13288;0;0;1;13838;44;36055;0;0;4;36925;96;14227;0;0;0;0;20
210;16290;0;0;7;16723;51;13659;0;1;0;13832;44;33315;0;0;5;34418;80;11461;0;0;1;0;10;15869;0;0;8;16147;46;13288;0;0;1;13838;44;36055;0;0;4;36925;96;14227;0;0;0;0;20
211;16290;0;0;7;16723;51;13659;0;0;1;13832;44;33315;0;0;5;34418;80;11461;0;0;1;0;10;15869;0;0;8;16147;46;13288;0;0;1;13838;44;36055;0;0;3;36925;97;14227;0;0;0;0;20
212;16290;0;0;7;16723;51;13659;0;0;1;13832;44;33315;0;0;5;34418;80;11461;0;0;1;0;10;15869;0;0;8;16147;46;13288;0;0;2;13838;44;36055;0;0;2;36925;98;14227;0;0;0;0;20
213;16290;0;0;7;16723;51;13659;0;0;1;13832;44;33315;0;0;6;34418;80;11461;0;0;1;0;10;15869;0;0;7;16147;47;13288;0;0;2;13838;44;36055;0;0;2;36925;98;14227;0;0;0;0;20
214;16290;0;0;7;16723;51;13659;0;0;1;13832;44;33315;0;0;5;34418;81;11461;0;0;1;0;10;15869;0;0;7;16147;47;13288;0;0;2;13838;44;36055;0;0;2;36925;98;14227;0;0;0;0;20
