0;1004;0;0;0;0;0;886;0;0;0;0;0;2205;0;0;0;0;0;360;0;0;0;0;0;1044;0;0;0;0;0;857;0;0;0;0;0;2349;0;0;0;0;0;461;0;0;0;0;0
1;944;0;0;0;0;0;856;0;0;0;0;0;2107;0;0;0;0;0;331;0;0;0;0;0;999;0;0;0;0;0;817;0;0;0;0;0;2236;0;0;0;0;0;441;0;0;0;0;0
2;894;0;0;0;0;0;816;0;0;0;0;0;2000;0;0;0;0;0;317;0;0;0;0;0;948;0;0;0;0;0;776;0;0;0;0;0;2141;0;0;0;0;0;423;0;0;0;0;0
3;851;0;0;0;0;0;792;0;0;0;0;0;1910;0;0;0;0;0;299;0;0;0;0;0;914;0;0;0;0;0;744;0;0;0;0;0;2039;0;0;0;0;0;414;0;0;0;0;0
4;820;0;0;0;0;0;761;0;0;0;0;0;1835;0;0;0;0;0;291;0;0;0;0;0;885;0;0;0;0;0;719;0;0;0;0;0;1954;0;0;0;0;0;394;0;0;0;0;0
5;789;0;0;0;0;0;745;0;0;0;0;0;1763;0;0;0;0;0;275;0;0;0;0;0;858;0;0;0;0;0;685;0;0;0;0;0;1897;0;0;0;0;0;381;0;0;0;0;0
6;753;0;0;0;0;0;725;0;0;0;0;0;1711;0;0;0;0;0;264;0;0;0;0;0;836;0;0;0;0;0;661;0;0;0;0;0;1835;0;0;0;0;0;367;0;0;0;0;0
7;742;0;0;0;0;0;702;0;0;0;0;0;1653;0;0;0;0;0;249;0;0;0;0;0;801;0;0;0;0;0;628;0;0;0;0;0;1776;0;0;0;0;0;354;0;0;0;0;0
8;717;0;0;0;0;0;668;0;0;0;0;0;1599;0;0;0;0;0;242;0;0;0;0;0;775;0;0;0;0;0;609;0;0;0;0;0;1728;0;0;0;0;0;339;0;0;0;0;0
9;697;0;0;0;0;0;648;0;0;0;0;0;1544;0;0;0;0;0;238;0;0;0;0;0;742;0;0;0;0;0;592;0;0;0;0;0;1664;0;0;0;0;0;329;0;0;0;0;0
10;682;0;0;0;0;0;627;0;0;0;0;0;1511;0;0;0;0;0;233;0;0;0;0;0;726;0;0;0;0;0;577;0;0;0;0;0;1631;0;0;0;0;0;312;0;0;0;0;0
11;669;0;0;0;0;0;611;0;0;0;0;0;1454;0;0;0;0;0;238;0;0;0;0;0;707;0;0;0;0;0;555;0;0;0;0;0;1593;0;0;0;0;0;306;0;0;0;0;0
12;651;0;0;0;0;0;605;0;0;0;0;0;1410;0;0;0;0;0;229;0;0;0;0;0;688;0;0;0;0;0;551;0;0;0;0;0;1569;0;0;0;0;0;297;0;0;0;0;0
13;635;0;0;0;0;0;591;0;0;0;0;0;1407;0;0;0;0;0;219;0;0;0;0;0;670;0;0;0;0;0;540;0;0;0;0;0;1510;0;0;0;0;0;296;0;0;0;0;0
14;629;0;0;0;0;0;578;0;0;0;0;0;1390;0;0;0;0;0;214;0;0;0;0;0;650;0;0;0;0;0;514;0;0;0;0;0;1480;0;0;0;0;0;279;0;0;0;0;0
15;624;0;0;0;0;0;557;0;0;0;0;0;1341;0;0;0;0;0;207;0;0;0;0;0;636;0;0;0;0;0;507;0;0;0;0;0;1455;0;0;0;0;0;276;0;0;0;0;0
16;594;0;0;0;0;0;541;0;0;0;0;0;1322;0;0;0;0;0;209;0;0;0;0;0;624;0;0;0;0;0;497;0;0;0;0;0;1426;0;0;0;0;0;273;0;0;0;0;0
17;578;0;0;0;0;0;535;0;0;0;0;0;1301;0;0;0;0;0;201;0;0;0;0;0;606;0;0;0;0;0;495;0;0;0;0;0;1387;0;0;0;0;0;282;0;0;0;0;0
18;566;0;0;0;0;0;531;0;0;0;0;0;1285;0;0;0;0;0;199;0;0;0;0;0;582;0;0;0;0;0;486;0;0;0;0;0;1383;0;0;0;0;0;274;0;0;0;0;0
19;559;0;0;0;0;0;534;0;0;0;0;0;1254;0;0;0;0;0;205;0;0;0;0;0;573;0;0;0;0;0;484;0;0;0;0;0;1352;0;0;0;0;0;269;0;0;0;0;0
20;538;0;0;0;0;0;520;0;0;0;0;0;1240;0;0;0;0;0;203;0;0;0;0;0;563;0;0;0;0;0;469;0;0;0;0;0;1334;0;0;0;0;0;266;0;0;0;0;0
21;531;0;0;0;0;0;520;0;0;0;0;0;1224;0;0;0;0;0;200;0;0;0;0;0;544;0;0;0;0;0;469;0;0;0;0;0;1307;0;0;0;0;0;267;0;0;0;0;0
22;519;0;0;0;0;0;502;0;0;0;0;0;1190;0;0;0;0;0;206;0;0;0;0;0;541;0;0;0;0;0;470;0;0;0;0;0;1282;0;0;0;0;0;265;0;0;0;0;0
23;519;0;0;0;0;0;496;0;0;1;0;0;1167;0;0;0;0;0;198;0;0;0;0;0;548;0;0;0;0;0;459;0;0;0;0;0;1282;1;0;0;0;0;263;0;0;0;0;0
24;519;0;0;0;0;0;487;0;0;1;0;0;1149;0;0;0;0;0;196;0;0;0;0;0;528;0;0;0;0;0;445;0;0;0;0;0;1288;1;0;0;0;0;262;0;0;0;0;0
25;524;0;0;0;0;0;476;0;0;1;0;0;1146;0;0;0;0;0;191;0;0;0;0;0;523;0;0;0;0;0;446;0;0;0;0;0;1270;0;0;1;0;0;252;0;0;0;0;0
26;522;0;0;0;0;0;472;0;0;1;0;0;1147;0;0;0;0;0;198;0;0;0;0;0;512;0;0;0;0;0;440;0;0;0;0;0;1258;0;0;1;0;0;253;0;0;0;0;0
27;509;0;0;0;0;0;473;0;0;1;0;0;1146;0;0;0;0;0;196;0;0;0;0;0;503;0;0;0;0;0;440;0;0;0;0;0;1247;0;0;1;0;0;253;0;0;0;0;0
28;508;0;0;0;0;0;465;0;0;1;0;0;1142;0;0;0;0;0;195;0;0;0;0;0;501;0;0;0;0;0;436;0;0;0;0;0;1226;0;0;1;0;0;247;0;0;0;0;0
29;500;0;0;0;0;0;454;0;0;1;0;0;1134;0;0;0;0;0;195;0;0;0;0;0;490;0;0;0;0;0;430;0;0;0;0;0;1205;0;0;1;0;0;251;0;0;0;0;0
30;505;0;0;0;0;0;450;0;0;1;0;0;1107;0;0;0;0;0;200;0;0;0;0;0;498;0;0;0;0;0;427;0;0;0;0;0;1188;0;0;1;0;0;246;0;0;0;0;0
31;511;0;0;0;0;0;459;0;0;1;0;0;1087;0;0;0;0;0;194;0;0;0;0;0;487;0;0;0;0;0;430;0;0;0;0;0;1192;0;0;1;0;0;243;0;0;0;0;0
32;508;0;0;0;0;0;458;0;0;1;0;0;1076;0;0;0;0;0;193;0;0;0;0;0;479;0;0;0;0;0;428;0;0;0;0;0;1179;0;0;1;0;0;238;0;0;0;0;0
33;505;0;0;0;0;0;452;0;0;1;0;0;1061;0;0;0;0;0;190;0;0;0;0;0;482;0;0;0;0;0;431;0;0;0;0;0;1174;0;0;1;0;0;239;0;0;0;0;0
34;507;0;0;0;0;0;452;0;0;1;0;0;1062;0;0;0;0;0;192;0;0;0;0;0;483;0;0;0;0;0;422;0;0;0;0;0;1183;0;0;1;0;0;236;0;0;0;0;0
35;501;0;0;0;0;0;443;0;0;1;0;0;1057;0;0;0;0;0;188;0;0;0;0;0;479;0;0;0;0;0;422;0;0;0;0;0;1181;0;0;1;0;0;230;0;0;0;0;0
36;500;0;0;0;0;0;439;0;0;1;0;0;1057;0;0;0;0;0;184;0;0;0;0;0;473;0;0;0;0;0;417;0;0;0;0;0;1169;0;0;1;0;0;228;0;0;0;0;0
37;477;0;0;0;0;0;443;0;0;1;0;0;1049;0;0;0;0;0;187;0;0;0;0;0;473;0;0;0;0;0;417;0;0;0;0;0;1151;0;0;1;0;0;226;0;0;0;0;0
38;480;0;0;0;0;0;443;0;0;1;0;0;1043;0;0;0;0;0;188;0;0;0;0;0;467;0;0;0;0;0;406;0;0;0;0;0;1157;0;0;1;0;0;222;0;0;0;0;0
39;482;0;0;0;0;0;440;0;0;1;0;0;1039;0;0;0;0;0;187;0;0;0;0;0;461;0;0;0;0;0;409;0;0;0;0;0;1154;0;0;1;0;0;216;0;0;0;0;0
40;478;0;0;0;0;0;448;0;0;1;0;0;1037;0;0;0;0;0;180;0;0;0;0;0;447;0;0;0;0;0;402;0;0;0;0;0;1151;0;0;1;0;0;217;0;0;0;0;0
41;469;0;0;0;0;0;448;0;0;1;0;0;1032;0;0;0;0;0;178;0;0;0;0;0;450;0;0;0;0;0;401;0;0;0;0;0;1138;0;0;1;0;0;209;0;0;0;0;0
42;470;0;0;0;0;0;440;0;0;1;0;0;1024;0;0;0;0;0;180;0;0;0;0;0;443;0;0;0;0;0;390;0;0;0;0;0;1135;0;0;1;0;0;213;0;0;0;0;0
43;471;0;0;0;0;0;428;0;0;1;0;0;1018;0;0;0;0;0;180;0;0;0;0;0;446;0;0;0;0;0;402;0;0;0;0;0;1129;0;0;1;0;0;211;0;0;0;0;0
44;470;0;0;0;0;0;422;0;0;1;0;0;1022;0;0;0;0;0;175;0;0;0;0;0;451;0;0;0;0;0;397;0;0;0;0;0;1112;0;0;1;0;0;207;0;0;0;0;0
45;476;0;0;0;0;0;413;0;0;1;0;0;1019;0;0;0;0;0;176;0;0;0;0;0;443;0;0;0;0;0;394;0;0;0;0;0;1097;0;0;1;0;0;206;0;0;0;0;0
46;471;0;0;0;0;0;419;0;0;1;0;0;1019;0;0;0;0;0;173;0;0;0;0;0;454;0;0;0;0;0;391;0;0;0;0;0;1087;0;0;1;0;0;205;0;0;0;0;0
47;468;0;0;0;0;0;415;0;0;1;0;0;1003;0;0;0;0;0;171;0;0;0;0;0;442;0;0;0;0;0;392;0;0;0;0;0;1099;0;0;1;0;0;209;0;0;0;0;0
48;461;0;0;0;0;0;416;0;0;1;0;0;989;0;0;0;0;0;171;0;0;0;0;0;442;0;0;0;0;0;380;0;0;0;0;0;1107;0;0;1;0;0;211;0;0;0;0;0
49;460;0;0;0;0;0;401;0;0;1;0;0;988;0;0;0;0;0;175;0;0;0;0;0;448;0;0;0;0;0;374;0;0;0;0;0;1101;0;0;1;0;0;206;0;0;0;0;0
50;448;0;0;0;0;0;399;0;0;1;0;0;990;0;0;0;0;0;174;0;0;0;0;0;443;0;0;0;0;0;392;0;0;0;0;0;1090;0;0;1;0;0;209;0;0;0;0;0
51;455;0;0;0;0;0;397;0;0;1;0;0;983;0;0;0;0;0;181;0;0;0;0;0;447;0;0;0;0;0;379;0;0;0;0;0;1088;0;0;1;0;0;213;0;0;0;0;0
52;465;0;0;0;0;0;397;0;0;1;0;0;986;0;0;0;0;0;179;0;0;0;0;0;449;0;0;0;0;0;379;0;0;0;0;0;1077;0;0;1;0;0;209;0;0;0;0;0
53;460;0;0;0;0;0;392;0;0;1;0;0;984;0;0;0;0;0;172;0;0;0;0;0;453;0;0;0;0;0;375;0;0;0;0;0;1074;0;0;1;0;0;210;0;0;0;0;0
54;451;0;0;0;0;0;396;0;0;1;0;0;971;0;0;0;0;0;172;0;0;0;0;0;461;0;0;0;0;0;379;0;0;0;0;0;1067;0;0;1;0;0;216;0;0;0;0;0
55;453;0;0;0;0;0;394;0;0;1;0;0;960;0;0;0;0;0;166;0;0;0;0;0;463;0;0;0;0;0;373;0;0;0;0;0;1079;0;0;1;0;0;211;0;0;0;0;0
56;446;0;0;0;0;0;394;0;0;1;0;0;959;0;0;0;0;0;163;0;0;0;0;0;461;0;0;0;0;0;377;0;0;0;0;0;1078;0;0;1;0;0;206;0;0;0;0;0
57;449;0;0;0;0;0;395;0;0;1;0;0;957;0;0;0;0;0;159;0;0;0;0;0;454;0;0;0;0;0;388;0;0;0;0;0;1067;0;0;1;0;0;195;0;0;0;0;0
58;448;0;0;0;0;0;380;0;0;1;0;0;959;0;0;0;0;0;159;0;0;0;0;0;451;0;0;0;0;0;386;0;0;0;0;0;1060;0;0;1;0;0;188;0;0;0;0;0
59;445;0;0;0;0;0;383;0;0;1;0;0;956;0;0;0;0;0;164;0;0;0;0;0;443;0;0;0;0;0;389;0;0;0;0;0;1045;0;0;1;0;0;185;0;0;0;0;0
60;446;0;0;0;0;0;373;0;0;1;0;0;963;1;0;1;0;0;158;0;0;0;0;0;449;0;0;0;0;0;388;0;0;0;0;0;1034;0;0;1;0;0;194;0;0;0;0;0
61;440;0;0;0;0;0;373;0;0;1;0;0;979;1;0;1;0;0;152;0;0;0;0;0;436;0;0;0;0;0;383;0;0;0;0;0;1027;0;0;1;0;0;195;0;0;0;0;0
62;438;0;0;0;0;0;372;0;0;1;0;0;970;0;0;2;0;0;149;0;0;0;0;0;431;0;0;0;0;0;383;0;0;0;0;0;1016;0;0;1;0;0;195;0;0;0;0;0
63;452;0;0;0;0;0;373;0;0;1;0;0;959;0;0;2;0;0;146;0;0;0;0;0;430;0;0;0;0;0;373;0;0;0;0;0;988;0;0;1;0;0;185;0;0;0;0;0
64;452;0;0;0;0;0;374;0;0;1;0;0;960;0;0;2;0;0;145;0;0;0;0;0;427;0;0;0;0;0;374;0;0;0;0;0;991;0;0;1;0;0;182;0;0;0;0;0
65;444;0;0;0;0;0;375;0;0;1;0;0;952;0;0;2;0;0;142;0;0;0;0;0;423;0;0;0;0;0;376;0;0;0;0;0;968;0;0;1;0;0;181;0;0;0;0;0
66;428;0;0;0;0;0;375;0;0;1;0;0;954;0;0;2;0;0;139;0;0;0;0;0;422;0;0;0;0;0;380;0;0;0;0;0;968;0;0;1;0;0;187;0;0;0;0;0
67;431;0;0;0;0;0;377;0;0;1;0;0;949;0;0;2;0;0;139;0;0;0;0;0;429;0;0;0;0;0;369;0;0;0;0;0;979;0;0;1;0;0;183;0;0;0;0;0
68;440;0;0;0;0;0;375;0;0;1;0;0;951;0;0;2;0;0;139;0;0;0;0;0;430;0;0;0;0;0;358;0;0;0;0;0;969;0;0;1;0;0;185;0;0;0;0;0
69;445;0;0;0;0;0;382;0;0;1;0;0;927;0;0;2;0;0;145;0;0;0;0;0;424;0;0;0;0;0;366;0;0;0;0;0;969;0;0;1;0;0;179;0;0;0;0;0
70;448;0;0;0;0;0;383;0;0;1;0;0;931;0;0;2;0;0;148;0;0;0;0;0;420;0;0;0;0;0;357;0;0;0;0;0;966;0;0;1;0;0;176;0;0;0;0;0
71;453;0;1;0;0;0;374;0;0;1;0;0;932;0;0;2;0;0;144;0;0;0;0;0;423;0;0;0;0;0;353;0;0;0;0;0;955;0;0;1;0;0;176;0;0;0;0;0
72;448;0;0;1;0;0;380;0;0;1;0;0;929;0;0;2;0;0;148;0;0;0;0;0;412;0;0;0;0;0;361;0;0;0;0;0;966;0;0;1;0;0;169;0;0;0;0;0
73;447;0;0;1;0;0;385;0;0;0;0;1;922;0;0;2;0;0;143;0;0;0;0;0;410;0;0;0;0;0;360;0;0;0;0;0;966;0;0;1;0;0;172;0;0;0;0;0
74;434;0;0;1;0;0;388;0;0;0;0;1;915;0;0;2;0;0;148;0;0;0;0;0;411;0;0;0;0;0;360;0;0;0;0;0;974;0;0;1;0;0;181;0;0;0;0;0
75;432;0;0;1;0;0;385;0;0;0;0;1;922;0;0;2;0;0;149;0;0;0;0;0;415;0;0;0;0;0;358;0;0;0;0;0;974;0;0;1;0;0;185;0;0;0;0;0
76;439;0;0;1;0;0;384;0;0;0;0;1;915;0;0;2;0;0;152;0;0;0;0;0;405;0;0;0;0;0;354;0;0;0;0;0;988;0;0;0;0;1;186;0;0;0;0;0
77;447;0;0;1;0;0;387;0;0;0;0;1;909;0;0;2;0;0;155;0;0;0;0;0;424;0;0;0;0;0;354;0;0;0;0;0;983;0;0;0;0;1;185;0;0;0;0;0
78;432;0;0;1;0;0;374;0;0;0;0;1;913;0;0;2;0;0;159;0;0;0;0;0;423;0;0;0;0;0;358;0;0;0;0;0;991;0;0;0;0;1;174;0;0;0;0;0
79;425;0;0;1;0;0;374;0;0;0;0;1;922;0;0;2;0;0;156;0;0;0;0;0;419;0;0;0;0;0;353;0;0;0;0;0;991;0;0;0;0;1;180;0;0;0;0;0
80;439;0;0;1;0;0;379;0;0;0;0;1;919;0;0;2;0;0;148;0;0;0;0;0;419;0;0;0;0;0;361;0;0;0;0;0;983;0;0;0;0;1;182;0;0;0;0;0
81;441;0;0;1;0;0;380;0;0;0;0;1;924;0;0;2;0;0;146;0;0;0;0;0;425;0;0;0;0;0;351;0;0;0;0;0;973;0;0;0;0;1;182;0;0;0;0;0
82;447;0;0;1;0;0;384;0;0;0;0;1;927;0;0;2;0;0;146;0;0;0;0;0;422;0;0;0;0;0;351;0;0;0;0;0;971;0;0;0;0;1;188;0;0;0;0;0
83;439;0;0;1;0;0;388;0;0;0;0;1;914;0;0;2;0;0;151;0;0;0;0;0;411;0;0;0;0;0;355;0;0;0;0;0;972;0;0;0;0;1;192;0;0;0;0;0
84;426;0;0;1;0;0;389;0;0;0;0;1;907;0;0;2;0;0;149;0;0;0;0;0;416;0;0;0;0;0;344;0;0;0;0;0;960;0;0;0;0;0;191;0;0;0;0;0
85;442;0;0;1;0;0;391;0;0;0;0;1;890;0;0;2;0;0;148;0;0;0;0;0;421;0;0;0;0;0;346;0;0;0;0;0;945;0;0;0;0;0;194;0;0;0;0;0
86;438;0;0;1;0;0;384;0;0;0;0;1;895;0;0;2;0;0;144;0;0;0;0;0;412;0;0;0;0;0;348;0;0;0;0;0;934;0;0;0;0;0;190;0;0;0;0;0
87;424;0;0;1;0;0;381;0;0;0;0;1;880;0;0;2;0;0;147;0;0;0;0;0;410;0;0;0;0;0;341;0;0;0;0;0;936;0;0;0;0;0;190;0;0;0;0;0
88;422;0;0;1;0;0;376;0;0;0;0;1;879;0;0;2;0;0;148;0;0;0;0;0;409;0;0;0;0;0;342;0;0;0;0;0;942;0;0;0;0;0;194;0;0;0;0;0
89;428;0;0;1;0;0;374;0;0;0;0;1;882;0;0;2;0;0;151;0;0;0;0;0;395;1;0;0;0;0;338;0;0;0;0;0;928;0;0;1;0;0;202;0;0;0;0;0
90;431;0;0;1;0;0;385;0;0;0;0;1;878;0;0;2;0;0;146;0;0;0;0;0;394;1;0;0;0;0;334;0;0;0;0;0;919;0;0;1;0;0;199;0;0;0;0;0
91;433;0;0;1;0;0;381;0;0;0;0;1;876;0;0;2;0;0;143;0;0;0;0;0;406;0;0;1;0;0;333;0;0;0;0;0;919;0;0;1;0;0;203;0;0;0;0;0
92;434;0;0;1;0;0;387;0;0;0;0;1;885;0;0;2;0;0;148;0;0;0;0;0;399;0;0;1;0;0;336;0;0;0;0;0;915;0;0;1;0;0;198;0;0;0;0;0
93;425;0;0;1;0;0;394;0;0;0;0;1;882;0;0;2;0;0;151;0;0;0;0;0;409;0;0;1;0;0;335;0;0;0;0;0;922;0;0;1;0;0;192;0;0;0;0;0
94;423;0;0;1;0;0;394;0;0;0;0;1;888;0;0;2;0;0;153;0;0;0;0;0;413;0;0;1;0;0;334;0;0;0;0;0;902;0;0;1;0;0;192;0;0;0;0;0
95;422;0;0;1;0;0;385;0;0;0;0;1;892;0;0;2;0;0;150;0;0;0;0;0;417;0;0;1;0;0;331;0;0;0;0;0;903;0;0;1;0;0;179;0;0;0;0;0
96;427;0;0;1;0;0;384;0;0;0;0;1;906;0;0;2;0;0;146;0;0;0;0;0;416;0;0;1;0;0;337;0;0;0;0;0;926;0;0;1;0;0;179;0;0;0;0;0
97;423;0;0;1;0;0;387;0;0;0;0;1;903;0;0;2;0;0;150;0;0;0;0;0;411;0;0;1;0;0;343;0;0;0;0;0;920;0;0;1;0;0;176;0;0;0;0;0
98;417;0;0;1;0;0;389;0;0;0;0;1;901;0;0;2;0;0;147;0;0;0;0;0;414;0;0;1;0;0;338;0;0;0;0;0;926;0;0;1;0;0;171;0;0;0;0;0
99;432;0;0;1;0;0;393;0;0;0;0;1;901;0;0;2;0;0;144;0;0;0;0;0;411;0;0;1;0;0;334;0;0;0;0;0;941;0;0;1;0;0;174;0;0;0;0;0
100;430;0;0;1;0;0;386;0;0;0;0;1;898;0;0;2;0;0;143;0;0;0;0;0;415;0;0;1;0;0;332;0;0;0;0;0;943;0;0;1;0;1;174;0;0;0;0;0
101;421;0;0;1;0;0;384;0;0;0;0;1;897;0;0;2;0;0;142;0;0;0;0;0;415;0;0;1;0;0;339;0;0;0;0;0;941;0;0;1;0;1;180;0;0;0;0;0
102;416;0;0;1;0;0;387;0;0;0;0;1;899;0;0;2;0;0;143;0;0;0;0;0;420;0;0;1;0;0;338;0;0;0;0;0;954;0;0;1;0;1;185;0;0;0;0;0
103;416;0;0;1;0;0;373;0;0;0;0;1;905;0;0;2;0;0;150;0;0;0;0;0;425;0;0;1;0;0;339;0;0;0;0;0;955;0;0;1;0;1;181;0;0;0;0;0
104;418;0;0;1;0;0;368;0;0;0;0;1;885;0;0;2;0;0;148;0;0;0;0;0;428;0;0;1;0;0;340;0;0;0;0;0;954;0;0;1;0;0;182;0;0;0;0;0
105;407;0;0;1;0;0;365;0;0;0;0;1;883;0;0;2;0;0;151;0;0;0;0;0;427;0;0;1;0;0;335;0;0;0;0;0;948;0;0;1;0;1;184;0;0;0;0;0
106;409;0;0;1;0;0;360;0;0;0;0;1;889;0;0;2;0;0;145;0;0;0;0;0;422;0;0;1;0;0;339;0;0;0;0;0;933;0;0;1;0;1;181;0;0;0;0;0
107;409;0;0;1;0;0;362;0;0;0;0;1;890;0;0;2;0;0;149;0;0;0;0;0;433;0;0;1;0;0;331;0;0;0;0;0;922;0;0;1;0;1;177;0;0;0;0;0
108;410;0;0;1;0;0;355;0;0;0;0;1;879;0;0;2;0;0;148;0;0;0;0;0;437;0;0;1;0;0;324;0;0;0;0;0;928;0;0;1;0;1;180;0;0;0;0;0
109;408;0;0;1;0;0;348;0;0;0;0;1;872;0;0;2;0;0;143;0;0;0;0;0;434;0;0;1;0;0;329;0;0;0;0;0;942;0;0;1;0;0;185;0;0;0;0;0
110;409;0;0;1;0;0;358;0;0;0;0;1;863;0;0;1;0;1;147;0;0;0;0;0;411;0;0;1;0;0;321;0;0;0;0;0;940;0;0;1;0;0;184;0;0;0;0;0
111;400;0;0;1;0;0;357;0;0;0;0;1;867;1;0;1;0;1;150;0;0;0;0;0;402;0;0;1;0;0;315;0;0;0;0;0;936;0;0;2;0;0;180;0;0;0;0;0
112;410;0;1;1;0;0;358;0;0;0;0;1;859;1;0;1;0;1;156;0;0;0;0;0;395;0;0;1;0;0;317;0;0;0;0;0;929;0;0;2;0;1;175;0;0;0;0;0
113;405;0;1;1;0;0;356;0;0;0;0;1;836;0;1;0;0;2;148;0;0;0;0;0;403;0;0;1;0;0;312;0;0;0;0;0;931;0;0;2;0;1;179;0;0;0;0;0
114;410;0;0;1;0;1;356;0;0;0;0;1;856;0;0;1;0;2;146;0;0;0;0;0;408;0;0;1;0;0;311;0;0;0;0;0;928;0;0;2;0;1;176;0;0;0;0;0
115;418;0;0;1;0;1;359;0;0;0;0;1;850;0;0;1;0;2;150;0;0;0;0;0;412;0;0;1;0;0;322;0;0;0;0;0;919;0;0;2;0;1;176;0;0;0;0;0
116;415;0;0;1;0;1;370;0;0;0;0;1;836;0;0;1;0;2;151;0;0;0;0;0;410;0;0;1;0;0;324;0;0;0;0;0;940;0;0;2;0;1;173;0;0;0;0;0
117;414;0;0;1;0;0;369;0;0;0;0;1;846;0;0;1;0;2;147;0;0;0;0;0;411;0;0;1;0;0;325;0;0;0;0;0;947;0;0;2;0;1;175;0;0;0;0;0
118;411;0;0;1;0;0;360;0;0;0;0;1;856;0;0;1;0;2;145;0;0;0;0;0;406;0;0;1;0;0;334;0;0;0;0;0;952;0;0;2;0;1;179;0;0;0;0;0
119;405;0;0;1;0;0;355;0;0;0;0;1;852;0;0;1;0;2;155;0;0;0;0;0;414;0;0;1;0;0;330;0;0;0;0;0;938;0;0;2;0;1;179;0;0;0;0;0
120;406;0;0;1;0;0;343;0;0;0;0;1;872;0;0;1;0;2;152;0;0;0;0;0;416;0;0;1;0;0;335;0;0;0;0;0;948;0;0;2;0;1;183;0;0;0;0;0
121;402;0;0;0;0;1;352;0;0;0;0;1;882;0;0;1;0;2;157;0;0;0;0;0;411;0;0;1;0;0;341;0;0;0;0;0;941;0;0;2;0;1;184;0;0;0;0;0
122;401;0;0;0;0;1;353;0;0;0;0;1;889;0;0;1;0;2;153;0;0;0;0;0;416;0;0;1;0;0;340;0;0;0;0;0;937;0;0;2;0;1;186;0;0;0;0;0
123;393;0;0;0;0;0;358;0;0;0;0;1;899;0;0;1;0;2;152;0;0;0;0;0;414;0;0;1;0;0;340;0;0;0;0;0;933;0;0;2;0;1;185;0;0;0;0;0
124;394;0;0;0;0;0;352;0;0;0;0;1;890;0;0;1;0;2;150;0;0;0;0;0;411;0;0;1;0;0;343;0;0;0;0;0;921;0;0;2;0;1;183;0;0;0;0;0
125;392;0;0;0;0;1;341;0;0;0;0;1;903;0;0;1;0;2;146;0;0;0;0;0;404;0;0;1;0;0;347;0;0;0;0;0;916;0;0;2;0;1;186;0;0;0;0;0
126;393;0;0;0;0;1;348;0;0;0;0;1;889;0;0;1;0;1;148;0;0;0;0;0;407;0;0;1;0;0;350;0;0;0;0;0;923;0;0;2;0;1;190;0;0;0;0;0
127;392;0;0;0;0;1;346;0;0;0;0;1;874;0;0;1;0;1;144;0;0;0;0;0;415;0;0;1;0;0;343;0;0;0;0;0;933;0;0;2;0;1;193;0;0;0;0;0
128;399;0;0;0;0;1;357;0;0;0;0;1;852;0;0;1;0;1;142;0;0;0;0;0;419;0;0;1;0;0;338;0;0;0;0;0;936;0;0;2;0;1;193;0;0;0;0;0
129;396;0;0;0;0;1;346;0;0;0;0;1;856;0;0;1;0;1;144;0;0;0;0;0;416;0;0;1;0;0;333;0;0;0;0;0;942;0;0;2;0;1;191;0;0;0;0;0
130;401;0;0;0;0;1;348;0;0;0;0;1;860;0;0;1;0;1;141;0;0;0;0;0;406;0;0;1;0;0;335;0;0;0;0;0;950;0;0;2;0;0;185;0;0;0;0;0
131;408;0;0;0;0;1;349;0;0;0;0;1;858;0;0;1;0;1;136;0;0;0;0;0;404;0;0;1;0;0;335;0;0;0;0;0;941;0;0;2;0;0;185;0;0;0;0;0
132;399;0;0;0;0;1;349;0;0;0;0;1;853;0;0;1;0;1;135;0;0;0;0;0;418;0;0;1;0;0;330;0;0;0;0;0;924;0;0;2;0;0;180;0;0;0;0;0
133;404;0;0;0;0;1;352;0;0;0;0;1;841;0;0;1;0;1;132;0;0;0;0;0;414;0;0;1;0;0;333;0;0;0;0;0;927;0;0;2;0;0;177;0;0;0;0;0
134;398;0;0;0;0;1;355;0;0;0;0;1;850;0;0;1;0;1;136;0;0;0;0;0;417;0;0;1;0;0;332;0;0;0;0;0;931;0;0;2;0;1;178;0;0;0;0;0
135;407;0;0;0;0;1;352;0;0;0;0;1;856;0;0;1;0;1;138;0;0;0;0;0;407;0;0;1;0;0;331;0;0;0;0;0;929;0;0;2;0;1;182;0;0;0;0;0
136;404;0;0;0;0;1;352;0;0;0;0;1;855;0;0;1;0;1;137;0;0;0;0;0;404;0;0;1;0;0;337;0;0;0;0;0;916;0;0;2;0;1;183;0;0;0;0;0
137;395;0;0;0;0;0;350;0;0;0;0;1;851;0;0;1;0;1;141;0;0;0;0;0;401;0;0;1;0;0;342;0;0;0;0;0;914;0;0;2;0;0;185;0;0;0;0;0
138;394;0;0;0;0;0;350;0;0;0;0;1;847;0;0;1;0;1;140;0;0;0;0;0;395;0;0;1;0;0;337;0;0;0;0;0;920;0;0;2;0;0;181;0;0;0;0;0
139;398;0;0;0;0;0;342;0;0;0;0;0;861;0;0;1;0;1;136;0;0;0;0;0;406;0;0;1;0;0;329;0;0;0;0;0;916;0;0;1;0;1;182;0;0;0;0;0
140;394;0;0;0;0;0;345;0;0;0;0;0;851;0;0;1;0;1;139;0;0;0;0;0;411;0;0;1;0;0;322;0;0;0;0;0;920;0;0;1;0;1;181;0;0;0;0;0
141;402;0;0;0;0;0;338;0;0;0;0;0;847;0;0;1;0;1;129;0;0;0;0;0;409;0;0;1;0;0;323;0;0;0;0;0;915;0;0;1;0;1;189;0;0;0;0;0
142;400;0;0;0;0;0;329;0;0;0;0;0;832;0;0;1;0;1;128;0;0;0;0;0;412;0;0;0;0;1;324;0;0;0;0;0;921;0;0;1;0;1;192;0;0;0;0;0
143;403;0;0;0;0;0;334;0;0;0;0;0;841;0;0;1;0;1;130;0;0;0;0;0;420;0;0;0;0;1;329;0;0;0;0;0;916;0;0;1;0;1;186;0;0;0;0;0
144;406;0;0;0;0;0;335;0;0;0;0;0;842;0;0;1;0;1;129;0;0;0;0;0;416;0;0;0;0;1;335;0;0;0;0;0;918;0;0;1;0;1;190;0;0;0;0;0
145;407;0;0;0;0;0;335;0;0;0;0;0;845;0;0;1;0;1;126;0;0;0;0;0;424;0;0;0;0;1;338;0;0;0;0;0;926;0;1;1;0;1;188;0;0;0;0;0
146;413;0;0;0;0;0;338;0;0;0;0;0;856;0;0;1;0;1;128;0;0;0;0;0;420;0;0;0;0;1;330;0;0;0;0;0;941;0;1;1;0;1;183;0;0;0;0;0
147;410;0;0;0;0;0;342;0;0;0;0;0;865;0;0;1;0;1;130;0;0;0;0;0;418;0;0;0;0;1;323;0;0;0;0;0;942;0;0;1;0;2;182;0;0;0;0;0
148;412;0;0;0;0;1;345;0;0;0;0;0;870;0;0;1;0;1;129;0;0;0;0;0;412;0;0;0;0;1;325;0;0;0;0;0;933;0;0;1;0;2;186;0;0;0;0;0
149;415;0;0;0;0;1;345;0;0;0;0;0;864;0;0;1;0;1;127;0;0;0;0;0;400;0;0;0;0;1;318;0;0;0;0;0;921;0;0;1;0;2;186;0;0;0;0;0
150;410;0;0;0;6;1;341;0;0;0;7;0;827;0;0;1;23;1;123;0;0;0;0;0;389;0;0;0;12;1;316;0;0;0;9;0;893;0;0;1;17;2;177;0;0;0;0;0
151;390;0;0;0;16;1;325;0;0;0;14;0;815;0;0;1;43;1;124;0;0;0;0;0;380;0;0;0;22;1;318;0;0;0;15;0;876;0;0;1;33;2;175;0;0;0;0;0
152;374;0;0;0;22;0;317;0;0;0;24;0;796;0;0;1;57;1;130;0;0;0;0;0;369;0;0;0;35;1;320;0;0;0;21;0;864;0;0;1;54;2;184;0;0;0;0;0
153;366;0;0;0;30;0;309;0;0;0;31;0;779;0;0;1;71;0;131;0;0;0;0;0;354;0;0;0;47;1;319;0;0;0;27;0;842;0;0;1;70;2;178;0;0;0;0;0
154;356;0;0;0;37;0;304;0;0;0;36;0;756;0;0;1;86;0;133;0;0;0;0;0;352;0;0;0;52;1;316;0;0;0;35;0;822;0;0;1;86;2;177;0;0;0;0;0
155;353;0;0;0;41;0;301;0;0;0;45;0;742;0;0;1;103;0;127;0;0;0;0;0;341;0;0;0;60;1;301;0;0;0;41;0;801;0;0;1;104;1;175;0;0;0;0;0
156;347;0;0;0;49;0;297;0;0;0;54;0;732;0;0;1;121;0;126;0;0;0;0;0;336;0;0;0;70;1;292;0;0;0;46;0;781;0;0;1;122;1;167;0;0;0;0;0
157;340;0;0;0;52;0;291;0;0;0;61;0;707;0;0;1;140;0;126;0;0;0;0;0;338;0;0;0;78;0;288;0;0;0;54;0;762;0;0;1;139;1;168;0;0;0;0;0
158;327;0;0;0;57;0;290;0;0;0;69;0;706;0;0;1;154;0;125;0;0;0;0;0;330;0;0;0;85;0;283;0;0;0;64;0;744;0;0;1;150;1;172;0;0;0;0;0
159;319;0;0;0;58;0;283;0;0;0;73;0;689;0;0;1;167;1;127;0;0;0;0;0;319;0;0;0;90;0;280;0;0;0;72;0;724;0;0;1;170;1;176;0;0;0;0;0
160;324;0;0;0;69;0;275;0;0;0;80;0;673;0;0;1;176;1;129;0;0;0;0;0;305;0;0;0;94;0;274;0;0;0;73;0;716;0;0;1;192;1;177;0;0;0;0;0
161;311;0;0;0;77;0;268;0;0;0;84;0;664;0;0;1;194;1;123;0;0;0;0;0;294;0;0;0;98;0;265;0;0;0;76;0;708;0;0;0;205;2;175;0;0;0;0;0
162;312;0;0;0;81;0;267;0;0;0;86;0;647;0;0;1;205;1;120;0;0;0;0;0;290;0;0;0;101;0;255;0;0;0;84;0;686;0;0;0;224;2;177;0;0;0;0;0
163;295;0;0;0;85;0;259;0;0;0;97;0;646;0;0;1;221;0;124;0;0;0;0;0;283;0;0;0;108;0;247;0;0;0;84;0;682;0;0;0;230;1;178;0;0;0;0;0
164;290;0;0;0;91;0;250;0;0;0;108;0;623;0;0;0;242;1;130;0;0;0;0;0;275;0;0;0;111;0;245;0;0;0;87;0;667;0;0;0;243;1;181;0;0;0;0;0
165;292;0;0;0;99;0;245;0;0;0;115;0;609;0;0;0;255;1;126;0;0;0;0;0;271;0;0;0;116;1;239;0;0;0;97;0;661;0;0;0;253;1;176;0;0;0;0;0
166;284;0;0;0;110;0;243;0;0;0;115;0;611;0;0;0;267;1;130;0;0;0;0;0;266;0;0;0;121;1;233;0;0;0;106;0;639;0;0;0;275;1;175;0;0;0;0;0
167;278;0;0;0;112;0;234;0;0;0;115;0;602;0;0;0;278;1;133;0;0;0;0;0;259;0;0;0;131;1;220;0;0;0;116;0;625;0;0;0;290;2;178;0;0;0;0;0
168;268;0;0;0;120;0;231;0;0;0;120;0;596;0;0;0;288;1;134;0;0;0;0;0;252;0;0;0;139;1;214;0;0;0;119;0;606;0;0;0;295;2;181;0;0;0;0;0
169;257;0;0;0;126;0;226;0;0;0;130;0;581;0;0;0;301;2;134;0;0;0;0;0;253;0;0;0;145;1;214;0;0;0;123;0;586;0;0;0;313;2;180;0;0;0;0;0
170;250;0;0;0;131;0;218;0;0;0;130;0;564;0;0;0;316;2;142;0;0;0;0;0;248;0;0;0;150;1;208;0;0;0;133;0;580;0;0;0;326;2;186;0;0;0;0;0
171;248;0;0;0;136;0;219;0;0;0;131;0;542;0;0;0;337;1;139;0;0;0;0;0;250;0;0;0;152;1;207;0;0;0;143;0;573;0;0;0;338;2;192;0;0;0;0;0
172;247;0;0;0;139;1;210;0;0;0;136;0;534;0;0;0;348;1;138;0;0;0;0;0;242;0;0;0;155;1;205;0;0;0;147;0;545;0;0;0;342;2;194;0;0;0;0;0
173;248;0;0;0;142;1;201;0;0;0;141;0;515;0;0;0;362;1;136;0;0;0;0;0;236;0;0;0;152;1;202;0;0;0;150;0;522;0;0;0;350;2;190;0;0;0;0;0
174;244;0;0;0;147;1;194;0;0;0;148;0;495;0;0;0;378;1;139;0;0;0;0;0;230;0;0;0;158;1;197;0;0;0;153;0;507;0;0;0;354;2;191;0;0;0;0;0
175;237;0;0;0;149;1;196;0;0;0;154;0;484;0;0;0;394;0;144;0;0;0;0;0;222;0;0;0;166;1;190;0;0;0;149;0;507;0;0;0;364;2;187;0;0;0;0;0
176;236;0;0;0;149;1;193;0;0;0;160;0;462;0;0;0;411;0;145;0;0;0;0;0;224;0;0;0;175;0;190;0;0;0;152;0;495;0;0;0;389;2;182;0;0;0;0;0
177;227;0;0;0;161;1;192;0;0;0;164;0;454;0;0;0;410;0;150;0;0;0;0;0;218;0;0;0;178;0;183;0;0;0;164;0;478;0;0;0;394;2;180;0;0;0;0;0
178;218;0;0;0;158;1;184;0;0;0;168;0;448;0;0;0;411;0;145;0;0;0;0;0;210;0;0;0;187;0;177;0;0;0;164;0;478;0;0;0;405;2;183;0;0;0;0;0
179;206;0;0;0;162;1;179;0;0;0;176;0;438;0;0;0;417;0;138;0;0;0;0;0;198;0;0;0;194;0;172;0;0;0;165;0;470;0;0;0;421;3;185;0;0;0;0;0
180;215;0;0;0;161;1;178;0;0;0;181;0;447;0;0;0;416;0;140;0;0;0;0;0;193;0;0;0;188;0;176;0;0;0;154;0;477;0;0;0;423;3;185;0;0;0;0;0
181;216;0;0;0;166;0;178;0;0;0;180;0;448;0;0;0;417;0;145;0;0;0;0;0;191;0;0;0;190;0;178;0;0;0;159;0;479;0;0;0;412;2;188;0;0;0;0;0
182;210;0;0;0;159;0;177;0;0;0;175;0;453;0;0;0;422;0;148;0;0;0;0;0;194;0;0;0;185;0;177;0;0;0;161;0;486;0;0;0;415;2;181;0;0;0;0;0
183;208;0;0;0;149;0;180;0;0;0;173;0;461;0;0;0;407;0;145;0;0;0;0;0;188;0;0;0;191;0;183;0;0;0;155;0;494;0;0;0;425;2;189;0;0;0;0;0
184;209;0;0;0;152;0;179;0;0;0;166;0;452;0;0;0;412;1;152;0;0;0;0;0;192;0;0;0;184;0;182;0;0;0;154;0;495;0;0;0;431;3;185;0;0;0;0;0
185;205;0;0;0;153;0;173;0;0;0;166;0;444;0;0;0;411;1;154;0;0;0;0;0;193;0;0;0;195;0;180;0;0;0;156;0;497;0;0;0;438;3;177;0;0;0;0;0
186;210;0;1;0;159;0;173;0;0;0;165;0;451;0;0;0;408;1;157;0;0;0;0;0;196;0;0;0;190;0;176;0;0;0;163;0;500;0;0;0;444;3;177;0;0;0;0;0
187;215;0;1;0;157;0;171;0;0;0;166;0;449;0;0;0;418;1;162;0;0;0;0;0;192;0;0;0;196;0;174;0;0;0;159;0;488;0;0;0;436;3;178;0;0;0;0;0
188;215;0;0;0;165;1;175;0;0;0;175;1;442;0;0;0;420;1;162;0;0;0;0;0;195;0;0;0;191;0;174;0;0;0;151;0;496;0;0;0;427;3;174;0;0;0;0;0
189;222;0;0;0;171;1;177;0;0;0;170;0;429;0;0;0;421;1;152;0;0;0;0;0;189;0;0;0;191;0;169;0;0;0;157;0;497;0;0;0;429;3;176;0;0;0;0;0
190;219;0;0;0;176;1;176;0;0;0;174;0;432;0;0;0;405;1;152;0;0;0;0;0;185;0;0;0;199;0;160;0;0;0;160;0;502;0;0;0;430;3;180;0;0;0;0;0
191;209;0;0;0;173;1;170;0;0;0;178;0;424;0;0;0;409;1;143;0;0;0;0;0;189;0;0;0;198;0;162;0;0;0;163;0;498;0;0;0;427;3;181;0;0;0;0;0
192;208;0;0;0;180;2;172;0;0;0;178;0;423;0;0;0;401;1;145;0;0;0;0;0;193;0;0;0;201;0;157;0;0;0;162;0;498;0;0;0;417;3;188;0;0;0;0;0
193;207;0;0;0;180;2;174;0;0;0;174;0;415;0;0;0;401;1;145;0;0;0;0;0;193;0;0;0;204;0;160;0;0;0;165;0;484;0;0;0;408;3;187;0;0;0;0;0
194;207;0;0;0;175;2;173;0;0;0;173;0;421;0;0;0;389;1;152;0;0;0;0;0;192;0;0;0;209;0;160;0;0;0;163;0;483;0;0;0;406;3;185;0;0;0;0;0
195;210;0;0;0;177;2;178;0;0;0;177;0;427;0;0;0;383;0;153;0;0;0;0;0;185;0;0;0;206;0;158;0;0;0;162;0;480;0;0;0;413;3;186;0;0;0;0;0
196;209;0;0;0;181;2;180;0;0;0;176;0;426;0;0;0;382;0;149;0;0;0;0;0;195;0;0;0;208;0;160;0;0;0;160;0;479;0;0;0;424;3;184;0;0;0;0;0
197;206;0;0;0;182;2;177;0;0;0;175;0;420;0;0;0;378;0;147;0;0;0;0;0;195;0;0;0;209;0;156;0;0;0;166;0;486;0;0;0;428;3;170;0;0;0;0;0
198;202;0;0;0;180;2;174;0;0;0;176;0;429;0;0;0;383;0;145;0;0;0;0;0;196;0;0;0;211;0;163;0;0;0;169;0;486;0;0;0;438;3;162;0;0;0;0;0
199;203;0;0;0;188;2;176;0;0;0;178;0;429;0;0;0;395;0;139;0;0;0;0;0;198;0;0;0;204;0;154;0;0;0;166;0;485;0;0;0;443;3;170;0;0;0;0;0
200;208;0;0;0;183;2;175;0;0;0;181;0;431;0;0;0;395;0;142;0;0;0;0;0;199;0;0;0;191;1;156;0;0;0;169;0;489;0;0;0;446;3;173;0;0;0;0;0
201;205;0;0;0;190;1;178;0;0;0;180;0;427;0;0;0;399;0;142;0;0;0;0;0;203;0;0;0;186;1;155;0;0;0;172;0;473;0;0;0;435;3;177;0;0;0;0;0
202;202;0;0;0;188;1;179;0;0;0;178;0;427;0;0;0;400;0;136;0;0;0;0;0;207;0;0;0;189;1;155;0;0;0;170;0;466;0;0;0;443;3;172;0;0;0;0;0
203;210;0;0;0;182;1;173;0;0;0;177;0;425;0;0;0;398;0;137;0;0;0;0;0;203;0;0;0;189;1;151;0;0;0;165;0;469;0;0;0;447;3;176;0;0;0;0;0
204;212;0;0;0;182;1;176;0;0;0;171;0;415;0;0;0;404;0;132;0;0;0;0;0;208;0;0;0;186;1;158;0;0;0;163;0;472;0;0;0;449;3;176;0;0;0;0;0
205;212;0;0;0;181;1;175;0;0;0;172;0;411;0;0;0;399;0;131;0;0;0;0;0;210;0;0;0;189;1;157;0;0;0;164;0;462;0;0;0;443;3;179;0;0;0;0;0
206;204;0;0;0;176;1;175;0;0;0;172;0;413;0;0;0;395;0;139;0;0;0;0;0;208;0;0;0;188;1;164;0;0;0;158;0;463;0;0;0;445;3;179;0;0;0;0;0
207;213;0;0;0;183;1;176;0;0;0;167;0;412;0;0;0;385;0;139;0;0;0;0;0;195;0;0;0;184;1;168;0;0;0;153;0;473;0;0;0;441;3;178;0;0;0;0;0
208;216;0;0;0;184;1;175;0;0;0;171;0;411;0;0;0;389;0;131;0;0;0;0;0;196;0;0;0;188;1;172;0;0;0;156;0;470;0;0;0;432;3;180;0;0;0;0;0
209;214;0;0;0;180;1;171;0;0;0;171;0;407;0;0;0;389;0;134;0;0;0;0;0;201;0;0;0;191;1;181;0;0;0;156;0;464;0;0;0;449;3;177;0;0;0;0;0
210;210;0;0;0;179;1;168;0;0;0;178;0;401;0;0;0;390;0;137;0;0;0;0;0;208;0;0;0;200;1;176;0;0;0;158;0;457;0;0;0;445;3;180;0;0;0;0;0
211;206;0;0;0;182;1;170;0;0;0;174;0;408;0;0;0;393;0;133;0;0;0;0;0;211;0;0;0;206;1;174;0;0;0;158;0;454;0;0;0;447;3;181;0;0;0;0;0
212;202;0;0;0;181;1;170;0;0;0;171;0;421;0;0;0;400;0;135;0;0;0;0;0;209;0;0;0;202;1;168;0;0;0;164;0;450;0;0;0;439;3;188;0;0;0;0;0
213;199;0;0;0;177;1;169;0;0;0;183;0;416;0;0;0;400;0;136;0;0;0;0;0;207;0;0;0;199;1;165;0;0;0;160;0;454;0;0;0;430;3;188;0;0;0;0;0
214;203;0;0;0;179;1;166;0;0;0;178;0;406;0;0;0;417;0;138;0;0;0;0;0;209;0;0;0;205;1;162;0;0;0;162;0;439;0;0;0;426;3;191;0;0;0;0;0
